text,label,raw_outputs,probability
出貨百分百,0,[ 5.3203125  -2.47070312 -1.56347656],0.9985643754884804
真假,2,[-2.546875   -1.65136719  4.20703125],0.9959939841308482
人家就連最基本怎麼買賣都還不熟悉，就叫人家直接玩是什麼心態？,2,[-2.46484375 -1.63769531  4.640625  ],0.9973101001639787
新手+1不過我是研究ETF目前打算先直接下手美股建議可以先上網了解各種術語我從0到勉強入門大約花了五個小時看各種介紹給你參考一下,2,[-1.85546875 -1.53222656  3.77148438],0.99150023466603
網路上有很多相關影片可以學習然後看盤軟體也可以下載先摸索看看三竹、金融達人、艾蜜莉都不錯用~我自己是比較常用金達,2,[-2.46484375 -0.96679688  3.61523438],0.9876327783261318
市場有兆元以上的基金追蹤標普500現在特斯拉列入標普有多少基金必須要換倉買特斯拉的股票？這個資金量很恐怖應該還有一段能飆,1,[-1.83789062  1.359375   -0.73046875],0.8586784594837725
youtube影片應該有很多針對新手的股票相關影片可以先去看看不過我是建議先用看盤軟體慢慢摸索再去看影片會比較吸收得來我自己是金融達人跟艾蜜莉一起使用如果妳是想要了解基礎的股票知識金融達人我覺得可以試試裡面有專業老師再講解股票的基本知識跟分析看完之後要實戰也會比較穩~,2,[-2.38085938 -1.36328125  4.1796875 ],0.994698259413909
辛苦了,2,[-2.66601562 -1.19824219  4.28125   ],0.994893502674989
可以傳操作頁面給你參考看看(⁎⁍̴̛ᴗ⁍̴̛⁎),2,[-2.54882812 -1.5859375   3.86914062],0.9941281713931048
