text,label,raw_outputs,probability
所以你有買中石化嗎？,2,[-1.75       -1.36816406  2.93164062],0.9776747842123786
