text,label,raw_outputs,probability
為什麼蘋果能考慮？話說特斯拉我551賣掉了結果瘋狂上漲啊啊,1,[-2.41210938  2.53515625 -2.37109375],0.9857043386552043
純粹考慮聖誕節要來了，禮物潮的部分營收。,1,[-2.13867188  2.2265625  -2.07421875],0.9744027911735597
而且我去看了蘋果的走勢確實有要升高，本人持有蘋果股不過佛系了？！連看都沒有看,2,[-1.         -0.77832031  1.89355469],0.8892829350616299
去設定調成雙介面右下角就有了,2,[-2.67382812 -1.35546875  4.0859375 ],0.9945371209111898
點五檔的數字就可了,2,[-2.765625   -1.32421875  4.203125  ],0.9951066962077623
