text,label,raw_outputs,probability
現在30.6夠低吧？可以進場了,1,[-2.35546875  3.234375   -2.7734375 ],0.9938430687613353
