text,label,raw_outputs,probability
認同,2,[-2.70703125 -1.58398438  4.546875  ],0.997126165780065
兩者可以並行,2,[-2.6875    -1.3828125  4.59375  ],0.9967845139930409
我富邦也跟上面的不太一樣,2,[-2.53320312 -1.60253906  4.5234375 ],0.9969622323085647
設定調整雙視窗,2,[-2.56445312 -1.54882812  3.87304688],0.9940167584485529
已詳閱公開說明書,2,[-2.60546875 -1.51464844  4.66015625],0.9972273325394908
學吧，我是認為不錯的教學line，它從開戶到交易面都有影片，可以看交易方式（指短期或中期）在不同的老師學習你想要的教學影片,2,[-2.5078125  -1.40917969  4.37109375],0.9958997411941363
