text,label,raw_outputs,probability
看得懂的人自然懂今天大盤回檔方才展現他的價值2020.12.11盤後驗證：達成（股價確實很快推過了我所謂的前高）,1,[-1.88378906  1.3359375  -1.03417969],0.8822732066854029
不值得。,2,[-2.65429688 -1.29394531  4.09375   ],0.9942871559922475
1,2,[-2.92382812 -1.5         4.453125  ],0.996787141933591
讚拉,1,[-2.88867188  3.45898438 -2.296875  ],0.995109007290175
