text,label,raw_outputs,probability
我的介面怎麼只有這樣，我安卓，想購買零股真ㄊㄇ不方便,2,[-1.58789062 -1.70410156  3.91601562],0.9923637066991406
我也安卓我是你從主畫面的委託下單選零股就可以下單了,2,[-1.74609375 -1.33691406  3.48046875],0.9867188756335333
我意思是還要一個一個點進去看，很麻煩😐😐😐,2,[-0.14001465 -1.33105469  2.27929688],0.8960371168935147
X角的科普式文章還OK但比較深入一點點的不推會有錯只是一般人看不懂英文的網站推薦investopedia其實把市場先生的網站爬一輪也差不多了啦,2,[-2.25       -1.5546875   4.38671875],0.9960758060348114
想學啊？我教妳,2,[-2.81835938 -1.42578125  4.53125   ],0.9967799761603928
