text,label,raw_outputs,probability
拿到什麼鬼知道哦,2,[-1.875      -1.58691406  4.03515625],0.9937108952912453
荷蘭是個好國家嘻嘻,2,[-2.66601562 -1.29199219  3.97070312],0.9935492389184784
