text,label,raw_outputs,probability
我愛原潑,2,[-2.21679688 -1.49902344  4.44140625],0.9961009129457608
請原潑帶我賺錢謝謝,1,[-3.140625    2.65039062 -1.22949219],0.9768409346456943
