text,label,raw_outputs,probability
支撐跟壓力但不是說支撐就可以買壓力就可以賣有時候可能在跌破支撐時做空或漲過壓力時做多,1,[-1.03808594  1.00488281 -0.70214844],0.7627492800372918
謝謝原po,2,[-2.79882812 -1.44238281  4.40625   ],0.996386461639673
