text,label,raw_outputs,probability
永豐可以給您想要的有需要私訊,2,[-2.37890625 -1.46582031  3.9375    ],0.9937315088078623
