text,label,raw_outputs,probability
已暴跌一波,0,[ 5.21875    -2.44335938 -1.41210938],0.9982138526780996
你現在賣了嗎？,0,[ 4.6328125  -2.34570312 -0.60791016],0.9938104362001849
準備進場嘍,1,[-2.60546875  3.90234375 -2.90234375],0.9974064381736705
想問一下像我這種只是因為要綁1.1%活存而開戶的有需要開戶前就找營業員嗎,2,[-2.48046875 -1.65820312  4.55859375],0.9971356525044418
不用這樣只需要開大戶,2,[-2.65039062 -1.31640625  4.2265625 ],0.9950781754777882
我自己覺得群益不錯～我的營業員每天都會給一些個股資訊分享，有問題問他們的時候也都很快就會收到回覆，而且他們手續費目前才2.8折也不限銀行綁定不用再特別辦銀行帳戶這是他的ig,2,[-2.77148438 -0.80615234  3.31054688],0.9817572266331566
