text,label,raw_outputs,probability
想問大概都放多久～,2,[-2.35742188 -1.47167969  3.90429688],0.9935080584737248
我想說沒人會關注我所以我就沒寫了但是這隻我在194元買入20萬現在跑到300元了盈利了60%,0,[0.80566406 0.00895691 0.49682617],0.4576427030930197
#NVDA,1,[-0.34960938  0.27148438  0.1895752 ],0.40671701029221535
