text,label,raw_outputs,probability
在嗎我留個資要馬上刪掉,2,[ 0.29833984 -2.14648438  2.53320312],0.8958256268671818
好用心我第一支股票就是買特力但沒什麼人玩超級死魚流通量太低XDDDD,0,[ 1.55957031 -1.29589844  1.11230469],0.5893089109104127
