text,label,raw_outputs,probability
目前贏的狀況呢？,2,[-2.48046875 -1.41503906  4.421875  ],0.9960920726172038
您好☺️～我是華南永昌營業員有興趣開戶可以找我手續費折數都可以談呦！,2,[-2.546875   -1.61914062  4.5625    ],0.9971238565071461
您好☺️～我是華南永昌營業員有興趣開戶可以找我手續費折數都可以談呦！,2,[-2.546875   -1.61914062  4.5625    ],0.9971238565071461
您好☺️～我是華南永昌營業員有興趣開戶可以找我手續費折數都可以談呦！,2,[-2.546875   -1.61914062  4.5625    ],0.9971238565071461
您好☺️～我是華南永昌營業員有興趣開戶可以找我手續費折數都可以談呦！,2,[-2.546875   -1.61914062  4.5625    ],0.9971238565071461
您好☺️～我是華南永昌營業員有興趣開戶可以找我手續費折數都可以談呦！,2,[-2.546875   -1.61914062  4.5625    ],0.9971238565071461
您好☺️～我是華南永昌營業員有興趣開戶可以找我手續費折數都可以談呦！,2,[-2.546875   -1.61914062  4.5625    ],0.9971238565071461
您好☺️～我是華南永昌營業員有興趣開戶可以找我手續費折數都可以談呦！,2,[-2.546875   -1.61914062  4.5625    ],0.9971238565071461
