text,label,raw_outputs,probability
你還留著傳家？,2,[-1.45214844 -1.69238281  3.99609375],0.9923700547430414
請問怎麼聯繫,2,[-2.875      -1.46582031  4.5546875 ],0.9969872948160237
請問有需要嗎,2,[-2.96875    -1.30078125  4.46484375],0.996289324471726
我想要下個月的,0,[ 1.55273438  0.43579102 -1.2578125 ],0.72074632097269
ok我們用社群聯絡嗎？,2,[-2.54882812 -1.57617188  4.62109375],0.9972034722081033
有看到嗎,2,[-2.54101562 -1.34667969  4.12109375],0.9945310083692281
抱歉可以再一次嗎？,2,[-2.63671875 -1.08789062  3.71484375],0.9901467579661928
