text,label,raw_outputs,probability
結果現在漲到16x，我賣在14x⋯⋯哀…,0,[ 1.66503906  0.62011719 -1.328125  ],0.7133441652273138
