text,label,raw_outputs,probability
Pe,2,[-0.4230957   0.12353516  0.32324219],0.4360965423981143
