text,label,raw_outputs,probability
刪掉了發生什麼事情嗎,0,[ 2.39257812 -0.44238281 -0.54101562],0.8993401758238231
你們不買別人怎麼賣呢,2,[-2.04492188 -1.          2.46875   ],0.9595878219987423
