text,label,raw_outputs,probability
ETORO用半年多了自認算很頻繁的買賣，目前都沒遇到奇怪的問題甚麼不給買賣，LAG登不進去等等,2,[-1.72363281 -1.4140625   3.17773438],0.9827323697416336
破產了嗎？,0,[ 4.546875   -2.24804688 -0.59375   ],0.9930748173661444
請問還留著嗎如果留著就整個爆賺ㄟ第三季營收還是很強本益比剩6~8,1,[-2.54492188  2.7109375  -2.24804688],0.9879110167805245
沒有開通知現在才看到不好意思～又多了案例可以印證自己的策略非常感謝分享🙏,2,[-2.61523438 -1.44628906  4.1953125 ],0.9953722428564589
