text,label,raw_outputs,probability
有賣的話現在就是拉回的買點拉,1,[-2.32617188  2.91796875 -2.57226562],0.9906824015242093
還能買嗎,1,[-0.50634766  0.57861328 -0.60644531],0.6084045303656493
