text,label,raw_outputs,probability
才2.75怎麼可能沒辦法填息🙄,2,[-1.82421875 -1.62109375  3.6796875 ],0.9910227860276948
現在人還在嗎,2,[-1.34472656 -1.46777344  3.62890625],0.9871327308227877
請問離職的話不會要求你賠償才能走嗎,2,[-1.61230469 -1.83203125  4.44140625],0.9957829948839475
有考慮換券商嗎？有折扣也有營業員👍🏻,2,[-2.56054688 -1.64941406  4.50390625],0.9970274901166849
我最近想換券商請問一定要實體到櫃檯開嗎？,2,[-2.6171875  -1.64453125  4.53125   ],0.9971429140166668
我的華南是線上開的,2,[-2.640625   -1.62695312  4.421875  ],0.9967930569954347
不用唷在線上就可以開戶了～,2,[-2.7890625  -1.29785156  4.296875  ],0.9954664411528485
有沒有考慮一下宏遠呢🥰🥺可以線上開戶喲,2,[-2.10351562 -1.65429688  3.98046875],0.9941834382832893
弱弱地問……想學習但沒有任何股票經驗的可以玩嗎🥲,2,[-2.38867188 -1.70410156  4.37109375],0.996553223378916
