text,label,raw_outputs,probability
我,2,[-2.08984375 -1.50292969  3.95507812],0.9934117883382805
