text,label,raw_outputs,probability
有抱到現在應該賺翻了,1,[-2.578125    3.79882812 -2.90820312],0.997085933531281
