text,label,raw_outputs,probability
這次前幾名的排名好刺激耶上上下下的！,2,[-2.64453125 -1.53515625  4.48828125],0.9967905313824952
