text,label,raw_outputs,probability
恭喜發大財～～～,1,[-2.75976562  3.5390625  -2.51757812],0.9958366914423719
請問怎麼加入自救會...受害者一枚,2,[-1.30664062 -1.83984375  4.26953125],0.9940269179556087
請問一下投信買賣超的app是用哪個看得啊,2,[-2.3984375 -1.6484375  4.2734375],0.996069318352597
我事華南的營業員，有需要可以跟我詳談唷～我們還有XQ軟體非常好用,2,[-2.6015625  -1.44042969  4.48046875],0.9964895131241658
我記得你有分享相關的文章~,2,[-2.88867188 -1.390625    4.4296875 ],0.9963832013406737
傻了哈哈哈NVDA根本還沒有通過審查怎麼併ARM?,2,[-2.36523438 -1.70410156  4.0625    ],0.9952759366645729
網路銀行,2,[-0.94775391 -1.51074219  3.46679688],0.9813629475734552
哈哈這裡有誰啊！！！！,2,[-2.6640625  -1.49707031  4.44921875],0.9965819754186993
然而樓上的真相是後來美國開啟QE時代做指數投資沒有躲過大跌的人現在也賺不少了而不是只有5%而勇敢往下攤的更是賺爆躲過了大跌結果後來的瘋狂上漲也一起躲過了把錢交給AI去投資自己不熟悉的真的沒問題嗎lol如果你熟悉又怎麼會去使用AI?,1,[ 0.07720947  0.37451172 -0.19030762],0.4326602591759059
