text,label,raw_outputs,probability
已經上700了😂,1,[-2.55273438  3.76953125 -2.97851562],0.9970397502414294
還在飛...,1,[-2.90039062  3.27734375 -2.15625   ],0.9935987437619238
