text,label,raw_outputs,probability
好的請問在嗎～,2,[-2.76171875 -1.29296875  4.2578125 ],0.9952440611177631
在,2,[-2.24414062 -1.01269531  3.3671875 ],0.9840746832364239
