text,label,raw_outputs,probability
力鵬10.5買進,1,[-2.58203125  3.90234375 -2.99023438],0.9974640396183899
