text,label,raw_outputs,probability
你總共入金多少？頻繁交易是多頻繁？,2,[-2.703125   -1.4609375   4.36328125],0.9962060428659945
