text,label,raw_outputs,probability
問題是不發股利就不適合慢慢存股啊不發股利=你明年才買的人是幫今年買明年賣的人發股利,2,[ 0.15637207 -1.13476562  2.21484375],0.8600323415262494
奇葩股票去重學好不....,2,[-1.99121094 -1.59863281  4.04296875],0.9940924628202836
不配發股利不代表該股票不適合存股還有我不太懂你想表達的意思（後兩句）,2,[-1.51757812 -1.63964844  3.51171875],0.9878154045975843
不用猜了啦既然金管會的壓力測試銀行全數通過那麼金融股幾乎是一定會配發合乎預期的股利隨便改遊戲規則帶來的風險應該沒人想承擔,2,[-2.13476562 -0.79492188  2.38476562],0.9501252809771598
