text,label,raw_outputs,probability
老鐵我一路接下去現在笑嘻嘻呢,0,[ 2.17773438 -0.62988281 -0.07904053],0.8583424354408646
