text,label,raw_outputs,probability
自由股巴有人要一起嗎,2,[ 0.2434082  -1.62109375  2.0703125 ],0.8432785104435577
我收到的價格是100塊一張欸你有買嗎最後,2,[-2.72460938 -1.11425781  3.47265625],0.9879282817384274
是我的話我就allin了，好心的陌生人願意自己不賺跑來賣給別人，天使降臨,1,[-2.08007812  1.00683594 -0.07672119],0.7225265037471021
