text,label,raw_outputs,probability
華南永昌能2.8你是沖多大呀🤔,1,[-2.19140625  1.48339844 -0.64550781],0.8738801332938224
我最近也接到可是認購價有點高一張78塊,1,[-2.18554688  1.99121094 -1.27636719],0.9492648556652576
好慘喔,0,[ 5.28125    -2.59570312 -1.38769531],0.998353590669814
慘兮兮,0,[ 5.3515625  -2.62695312 -1.5078125 ],0.9986096183326262
一堆來打廣告的帳號都異常好慘,0,[ 3.34960938 -2.42578125  0.45776367],0.9446646478270546
好慘,0,[ 5.3046875  -2.60742188 -1.4140625 ],0.9984281461436879
好慘原po來打廣告的而已吧,2,[ 0.19763184 -2.18554688  2.49609375],0.9011631539281186
