text,label,raw_outputs,probability
我認為算，我都收過好幾次,2,[-2.53515625 -1.58984375  4.34765625],0.9963495005617543
去年初大家都覺得0050價格110太高了，現在呢？既然都要定期定額了，就不用管進價，閉著眼睛買就對了,1,[-2.1328125   1.93652344 -1.59570312],0.9557228220430176
