text,label,raw_outputs,probability
有需要可以找我我給你甜手續費,2,[-2.80664062 -1.43164062  4.19921875],0.9955280410008426
有需要可以找我我給你甜手續費,2,[-2.80664062 -1.43164062  4.19921875],0.9955280410008426
有需要可以找我我給你甜手續費也會提供給你資訊,2,[-2.77929688 -1.49804688  4.51171875],0.9968735067772104
有需要可以找我我給你甜手續費,2,[-2.80664062 -1.43164062  4.19921875],0.9955280410008426
哪家多甜,2,[-0.80908203 -0.04788208  1.49316406],0.7609244875733295
有需要可以找我我給你甜手續費,2,[-2.80664062 -1.43164062  4.19921875],0.9955280410008426
有需要可以找我我給你甜手續費,2,[-2.80664062 -1.43164062  4.19921875],0.9955280410008426
