text,label,raw_outputs,probability
市場隨便買,1,[-2.63867188  3.7890625  -2.89257812],0.9971383847564699
