text,label,raw_outputs,probability
對在寫競品分析的我來說你是我的福音，感謝資訊,2,[-2.49023438 -1.50195312  4.53125   ],0.996720489663244
慘兮兮,0,[ 5.34765625 -2.62695312 -1.50683594],0.9986031575167491
