text,label,raw_outputs,probability
你該不會是地瓜葉吧,2,[-1.26269531 -1.53125     3.95507812],0.9905281623473855
