text,label,raw_outputs,probability
試試看啊又不貴，每個人適合的方式跟老師不一樣～,2,[-2.56445312 -1.53417969  4.69921875],0.997343773089993
要交流嗎？,2,[-2.87109375 -1.49804688  4.4609375 ],0.996773666091884
0050真的這幾年很夯，大家都在存,1,[-2.43359375  2.92773438 -2.42382812],0.9906527900411067
有人賺錢的就代表有人賠錢，也就是有割到吧？,0,[ 2.39453125 -1.08007812  0.14587402],0.8798829718266208
