text,label,raw_outputs,probability
1,2,[-2.92382812 -1.5         4.453125  ],0.996787141933591
gogo,1,[-2.85351562  3.46484375 -2.09179688],0.9943672806667484
