text,label,raw_outputs,probability
你還要訂股巴嗎,2,[-0.0096817  -0.4375      0.97802734],0.6191082278713647
聚會見?,2,[-2.66796875 -1.47167969  4.37890625],0.9962656614941321
聚會見,2,[-2.09960938 -1.43164062  3.99609375],0.9933983086690243
