text,label,raw_outputs,probability
原po好如果想永豐開戶我們可以談喲^_^,2,[-2.671875   -1.54980469  4.4375    ],0.9966832106804768
開期貨戶頭裡面就會有那些資訊了～,2,[-2.68945312 -1.515625    4.390625  ],0.9964485735130082
考慮永豐可以找我喲～^_^,2,[-2.08984375 -1.05371094  2.875     ],0.9740436346689351
交給我,2,[-1.43457031 -0.77490234  1.98339844],0.9122603037860759
請問是哪一家的呢,2,[-2.828125   -1.54199219  4.5       ],0.9969755519700448
借版問看大家存的都好不一樣如果我每月大概投1萬左右(閒錢不動)至少放10年以上定期定額(會看盤逢低加碼)考慮2檔合庫+台中銀每月各5000各位大大們有更好的金融股搭配建議嗎感謝,1,[-2.3359375   1.58789062 -0.80664062],0.90010563577193
我會擺台新金+兆豐金台新金賺高殖利率兆豐金賺現金股利轉投資給你這篇參考,1,[-2.58789062  2.56835938 -1.91796875],0.9832598130666088
你好～～加你囉(´▽`)ﾉ,2,[-1.734375   -0.35058594  1.90527344],0.8841380952949377
有人要組隊嗎要的話可私,2,[-2.671875  -1.5625     4.5390625],0.9970310106515452
