text,label,raw_outputs,probability
我是康和營業員，予涵有需要開戶可以詢問我😊,2,[-2.33203125 -1.65625     4.1953125 ],0.9956804501419063
大家過的還好嗎？哈哈,2,[-1.21386719 -1.79589844  3.8125    ],0.989874038454674
不知道醒了嗎,1,[-2.23632812  1.28710938 -0.08026123],0.7786501310277516
最近會看蓋德的！懶人包也都寫得很好懂👍版面的話我喜歡多一點變化的比較不會膩🤣還有自己做美股資訊網站！！（大推）,2,[-2.40429688 -1.515625    4.40625   ],0.9962319914154102
