text,label,raw_outputs,probability
股海賭俠亂帶風向不少小白虧錢不用處理喔,2,[-1.39257812 -1.203125    2.44140625],0.9544198243597306
