text,label,raw_outputs,probability
恭喜賺錢,1,[-2.73242188  3.90234375 -2.8359375 ],0.997507659053402
