text,label,raw_outputs,probability
請問橡膠股怎麼都沒提到輪胎股～,2,[-1.671875   -1.5546875   3.50195312],0.9881132333183885
