text,label,raw_outputs,probability
買一堆書不如買樓上推的幾本好書,2,[-2.75390625 -1.12988281  4.19140625],0.9941844286804185
請問撐跟壓的意思🙏,2,[-1.85253906 -1.27246094  3.05664062],0.979856193218782
不是詐騙喔！你沒問過沒去多瞭解過就別去下定論,2,[-2.53515625 -1.30566406  4.31640625],0.9953468071092063
其實我是裡面的學生，正規教的是交易當中最重要的系統化操作還有交易心態的部分，如果有讀過書的就知道什麼是系統化了。,2,[-2.37890625 -1.61132812  4.7265625 ],0.997418051031214
哈囉我是本人，有任何問題都可以直接問我，我不知道為什有人會說我詐騙🤣你們可以先來了解整個內容，或是了解我，你們都是高知識份子，很多事情不需要表面上看一看就去下定論，如果我經營的方式不太好，在這邊也謝謝各位的指教！感謝各位的批評😃,2,[-2.40234375 -1.5703125   4.58984375],0.9969782017388104
說詐騙的我看是韭菜輸到脫褲吧豪哥的實力不是你們用嘴巴可以否定的🤣,2,[-0.87255859 -1.96777344  3.6640625 ],0.9859098448411245
