text,label,raw_outputs,probability
及上面的各位大大早上好我是宏遠證券的。手續費可以討論唷公司也有新開戶好禮抽獎😉不會有沒營業員服務的情況有興趣可以標記我唷～～,2,[-2.53320312 -1.50585938  4.4921875 ],0.9966387179230777
也可以問我喔,2,[-2.9765625  -1.23632812  4.12890625],0.9945330824407139
之前101時出掉了🥲，現在不知道要不要再買回來,0,[ 1.71875     0.48706055 -1.140625  ],0.7412328400599628
您好，有考慮宏遠證券嗎？手續費部分沒辦法公開討論，也不用擔心沒有營業員服務喔😉有興趣可以標記我,2,[-2.54882812 -1.56933594  4.57421875],0.9970551145379778
