text,label,raw_outputs,probability
有些人不是喜歡賺錢而且喜歡快感跟賭博一樣壓對就賺大錢所以很難戒,2,[-2.09960938 -1.51855469  4.0625    ],0.9941579390633376
永豐金理專喔有問題也可以問我我覺得如果是想要存美股的話大戶投的存美股手續費最低只要1美元可以參考一下,2,[-2.28320312 -1.16210938  3.33203125],0.9854000804439228
我看他ig會員照片（到場上課的）隨隨便便都有200個不用多啦，一個收38000普通會員就好三個月會費收入就淨賺780萬，一年就收3120萬郭哲榮自己不用下去做，靠那張嘴巴一年的收入就可以買三台賓利,2,[-2.109375   -1.30371094  3.83984375],0.9916259355963708
輕鬆啊而且他買股票都是用追高的還說什麼自己做很多功課笑死根本躺著賺,2,[-2.09570312 -1.11132812  3.515625  ],0.9867375212911322
哪一家，我看看,2,[-2.77148438 -1.54980469  4.40234375],0.9966446648364087
