text,label,raw_outputs,probability
想開群益的戶～,2,[-2.04296875 -1.48242188  4.2578125 ],0.9949764775637694
