text,label,raw_outputs,probability
比較晚回來補文章🥲🥲丁大內文重複貼了一次噢！,2,[-2.40429688 -1.02246094  3.2734375 ],0.9832400570833112
我是宏遠證券營業員，手續費可以幫您爭取哦，有需要可以私訊我哦，IG帳號是新開的，之後會慢慢放股市資訊哦,2,[-2.56054688 -1.53710938  4.5       ],0.9967637457014735
我是宏遠證券營業員，手續費可以幫您爭取哦，有需要可以私訊我哦,2,[-2.65625    -1.54882812  4.52734375],0.9969534216258279
我是宏遠證券營業員，手續費可以幫您爭取哦，有需要可以私訊我哦,2,[-2.65625    -1.54882812  4.52734375],0.9969534216258279
嗨～我是群益的營業員，其實每間都差不多，但我們這裡軟體真的比較好，而且手續費很好,2,[-2.59765625 -1.40625     4.53125   ],0.996571580883572
