text,label,raw_outputs,probability
有推薦的和諧交易書籍嗎，網路上寫的眾說紛紜，不知道誰對誰錯或是哪個回撤比例比較精準哪個比較不會成型,2,[-2.39257812 -1.53125     4.58984375],0.9968856240715598
看看現在吧,2,[-1.10253906 -1.17773438  2.94921875],0.9675636550032095
