text,label,raw_outputs,probability
應該都還留著吧？,0,[ 2.01953125 -1.03222656  0.47338867],0.7934341519114008
笑死當然,2,[-2.59179688 -1.37402344  4.2578125 ],0.9953795847375895
我的目標大概50左右如果公司體質繼續成長可以放很久,1,[-2.04492188  2.11523438 -2.06640625],0.9700463759709583
