text,label,raw_outputs,probability
請問現在適合進場嗎,1,[-1.98242188  1.71582031 -1.51171875],0.9394770196894652
