text,label,raw_outputs,probability
通報📢好像有人對這篇文章有新想法唷，快來去看看！,2,[-2.39648438 -1.37011719  3.79101562],0.9922700606097825
我來教你～～,2,[-2.69140625 -1.19238281  4.25      ],0.9947318362040506
