text,label,raw_outputs,probability
我是宏遠證券的營業員，手續費折扣及開戶好禮，可以標記我詳談哦～,2,[-2.56445312 -1.61425781  4.56640625],0.9971391231164932
你各位還在28前陣子26多有沒有買幾張沖淡一下😌,1,[-0.95263672  1.08789062 -1.28320312],0.8174351082428654
我是宏遠證券的營業員，手續費折扣及開戶好禮，可以標記我詳談哦～,2,[-2.56445312 -1.61425781  4.56640625],0.9971391231164932
我是宏遠證券的營業員，手續費折扣及開戶好禮，可以標記我詳談哦～,2,[-2.56445312 -1.61425781  4.56640625],0.9971391231164932
我是宏遠證券的營業員，手續費折扣及開戶好禮，可以標記我詳談哦～,2,[-2.56445312 -1.61425781  4.56640625],0.9971391231164932
