text,label,raw_outputs,probability
私聊,2,[-2.80859375 -1.38769531  4.19921875],0.9953701775849289
