text,label,raw_outputs,probability
推永豐好用🤣app也好用,2,[-2.23242188 -1.18261719  3.18554688],0.9831772114141002
很棒的項目，但不必這麼早找業務買，等明年上市吧,1,[-2.39453125  0.87158203  0.72802734],0.5250920874087336
什麼叫“文章內容過於伸手牌”？感覺有點排外小語種的fu。,2,[-2.34375    -1.64648438  4.45703125],0.9966632692143665
