text,label,raw_outputs,probability
搜尋還是可以用內文找到啦,2,[-2.75585938 -1.55273438  4.578125  ],0.9971802952193111
原po後來選擇哪家呢,2,[-2.6875     -1.59277344  4.54296875],0.9971200184863057
