text,label,raw_outputs,probability
我是聯邦銀行股票質押的利率低，詳請可加我的服務人員問問Line:su18210,2,[-2.24804688 -1.609375    4.1953125 ],0.9954166547375127
我自己是申辦聯邦銀行的股票質押專案，固定利率最低2.1，最高2.5，手續費2000元，有需要可以詢問我的服務人員，詳情可加她的Line：su18210,2,[-2.42382812 -1.58203125  4.484375  ],0.9966919334397806
嗨嗨，我是群益期貨婷華，歡迎加我的IG，詳情私訊聊唷。😆群益期貨股份有限公司營業員：張婷華電話：(02)-2700-2888*6623台北巿敦化南路二段97號110年金管期總字第004號,2,[-1.95996094 -1.3828125   3.453125  ],0.9877547021570341
通報📢好像有人對這篇文章有新想法唷，快來去看看！,2,[-2.39648438 -1.37011719  3.79101562],0.9922700606097825
嗨嗨，我是群益期貨婷華，可以線上處理，歡迎加我的IG，詳情私訊聊唷。😆群益期貨股份有限公司營業員：張婷華電話：(02)-2700-2888*6623台北巿敦化南路二段97號110年金管期總字第004號,2,[-2.1484375  -1.46875     3.83203125],0.9925407220572187
