text,label,raw_outputs,probability
現在可以再買了,1,[-2.19335938  3.09765625 -2.71679688],0.9920430664687621
