text,label,raw_outputs,probability
我男友賠了五億以上…,2,[ 0.34716797 -2.17773438  2.12304688],0.8453853457746877
認真？,2,[-2.59570312 -1.60839844  4.5546875 ],0.997118027182531
雷洛嗎,2,[-1.56152344 -1.44140625  3.37890625],0.9850122588899081
如果有百億身家五億不算什麼,2,[-2.44140625 -1.5703125   4.546875  ],0.9968824706181665
清流君什麼時後要裸奔啊~~他長那麼帥好想看,2,[ 0.14306641 -1.65625     2.20898438],0.8713382478378697
