text,label,raw_outputs,probability
沙丁魚大您好，請問能否開放私訊，想請教工員問題，感謝您。,2,[-2.34765625 -1.609375    4.6484375 ],0.9971771090780341
我不知道私訊怎麼開😅,2,[-2.65234375 -1.67871094  4.3984375 ],0.9968485208176564
請問方便加你的line嗎,2,[-2.9609375  -1.3828125   4.39453125],0.9962778873918912
您好我是群益證券營業員開證券戶不用跑臨櫃線上開戶即可免開銀行戶✨️✨️手續費享有優惠(可私訊談細節)🥳有意願開戶的可私訊也可私訊詢問哦🤗我們有智慧單功能，就算是沒時間看盤也可以當沖唷🥳,2,[-2.296875   -1.41992188  4.140625  ],0.9945824350183448
