text,label,raw_outputs,probability
有的您已被邀請加入「阿學的股票小小波段群」！請點選以下連結加入社群！我自己在這個免費群1.2年學到版主很多釣魚教學,2,[-2.27539062 -1.58691406  4.53125   ],0.9967020133198579
有的您已被邀請加入「阿學的股票小小波段群」！請點選以下連結加入社群！我自己在這個免費群1.2年學到版主很多釣魚教學,2,[-2.27539062 -1.58691406  4.53125   ],0.9967020133198579
您好請問辦了大間的交易所以之後要怎麼自己出金呢？把這邊的金額轉移過去嗎？,2,[-2.3984375  -1.58496094  4.3671875 ],0.9962610573005006
把自己交易所充值地址，貼在AGoodCoin-Pro的提幣地址裡就好了！其實不管怎麼樣方式都無法出金了。,2,[-2.38867188 -1.63183594  4.515625  ],0.9968674734699808
個人被踢出,0,[ 3.70117188 -1.87304688 -0.17456055],0.9760539022002509
被踢出,0,[ 5.109375   -2.44726562 -1.25      ],0.9977519890338596
