text,label,raw_outputs,probability
拜託一下，直接買書或估狗一下就有的東西何必？成本都不會衡量乾脆不要進股市,2,[-1.28515625 -1.74121094  3.62890625],0.9881460182606263
台積電先生為主角的小說，你要贊助拍成電影嗎,2,[-2.28320312 -1.59375     4.48828125],0.9965821956315092
考古學家？,2,[-2.59765625 -1.62402344  4.63671875],0.9973757191422783
考古系,2,[-2.42773438 -1.62597656  4.65625   ],0.997299651752255
看上面留言還以為是戲劇系的😂,2,[-2.27734375 -1.68652344  4.57421875],0.9970411513600772
那是輔系,2,[-2.25976562 -1.73828125  4.6015625 ],0.9971957860301641
看來是個古裝戲的好料子！,2,[-2.39257812 -1.25390625  3.36523438],0.9871480440550695
