text,label,raw_outputs,probability
歡迎找我詢問,2,[-2.66210938 -1.21289062  4.2421875 ],0.9947497038895609
歡迎找我開戶,2,[-2.87890625 -1.42773438  4.39453125],0.9963586950665837
您好我們現在有美股定期定額的功能可以直接用台幣交割戶圈存金額直接投資美股歡迎詢問,2,[-2.11914062 -1.22851562  3.49609375],0.9876385814680149
開戶可以找我唷不用另外開銀行戶,2,[-2.71679688 -1.58300781  4.59375   ],0.9972619148380403
可以找我開戶唷現在有美股定期定額活動,2,[-2.37890625 -0.97558594  3.203125  ],0.9812741960617385
