text,label,raw_outputs,probability
大戶投+1,2,[-2.4140625  -0.82617188  3.125     ],0.9773619891977955
