text,label,raw_outputs,probability
哈囉，我是元大營業員，如果有任何需求都歡迎找我洽談ㄛ,2,[-2.47265625 -1.30957031  4.2421875 ],0.9949324059920213
一堆老弱婦孺的宜蘭人在硬幹啊出貨量高血汗薪水多當然漲,2,[-3.05078125  0.37915039  1.75878906],0.7937636634577514
版主真的很棒放認詐騙集團囂張的連洗文檢舉了過一天還活著不想做事就下台,2,[-1.16894531 -1.83007812  3.89453125],0.9905028944638871
檢舉都不做事嗎？詐騙猖狂不會管理？版主？,2,[-2.5390625  -1.60546875  4.671875  ],0.9973899820702664
這個我也檢舉好幾次都沒用,2,[-2.5        -1.52246094  4.546875  ],0.9968272659466579
我偏好合庫金,2,[ 0.29248047 -1.44433594  1.90722656],0.8103919778701052
合庫金,0,[ 3.484375   -1.64160156 -0.44091797],0.9749660243383159
你在幹三小？,2,[ 0.01846313 -1.7421875   2.69726562],0.9255422547511457
最喜歡幹,2,[-2.32617188 -1.54785156  4.47265625],0.9964689949672838
