text,label,raw_outputs,probability
29.6進場馬上給我跌倒28.4🤔,0,[ 4.62109375 -1.76953125 -1.48144531],0.9961008749068859
