text,label,raw_outputs,probability
10%,2,[-2.86523438 -1.4453125   4.484375  ],0.9967087120311067
