text,label,raw_outputs,probability
隨時都可以買,1,[-2.31445312  2.74023438 -2.27148438],0.9871290147597039
