text,label,raw_outputs,probability
賺錢囉^^,1,[-2.72851562  3.91015625 -2.85351562],0.9975423103926871
下一支allin尋找中~,0,[ 2.37109375 -1.12695312  0.29003906],0.8657596843888857
目前獲利3.15%還不錯,1,[-2.82421875  3.55859375 -2.62304688],0.9962566692107812
就決定是你了應該是一個不錯的價格吧,1,[-2.71484375  1.28613281  0.51367188],0.6755968023759046
