text,label,raw_outputs,probability
您好有私訊您ig詢問問題帳號ame/////0730,2,[-2.60742188 -1.58105469  4.28515625],0.9961658745197853
你好想請問可以跟您交流講義嗎,2,[-2.65039062 -1.55273438  4.64453125],0.9972933802475074
