text,label,raw_outputs,probability
反正已經這麼差了，不然砍掉能買什麼！抱著吧,1,[-1.10351562  1.77246094 -2.24804688],0.9308344200687052
