text,label,raw_outputs,probability
慘不忍睹啊⋯⋯停損了嗎,0,[ 5.1796875  -2.4765625  -1.37402344],0.9981056986925623
哪隻不慘等它發動不知要等多久XD,0,[ 0.55615234  0.49194336 -0.63623047],0.4461683962104504
跟你一樣還在苦苦等待中啊,2,[-1.9453125  -1.14453125  2.90234375],0.9753017971368173
剩8塊了..,0,[ 4.16796875 -2.11914062 -0.51660156],0.9890249564380665
更新還好我跑掉了,0,[ 5.234375   -2.55664062 -1.31640625],0.9981609567763946
下一支allin尋找中~,0,[ 2.37109375 -1.12695312  0.28979492],0.8657825194744132
SQQQ,2,[-0.42333984  0.12365723  0.32250977],0.4359194323013967
我,2,[-2.08984375 -1.50292969  3.95507812],0.9934117883382805
我可以跟你共用,2,[-2.84570312 -1.54199219  4.53515625],0.9970907125963643
