text,label,raw_outputs,probability
想請問被騙的各位，最後錢有拿回來嗎?機率大嗎?謝謝,2,[-2.23046875 -1.00878906  3.24804688],0.9819878098755902
其實沒有什麼效果，畢竟警察負荷量很大，但還是爆一絲希望，目前都還沒有任何消息🥲,2,[-2.04296875 -1.30566406  3.6796875 ],0.9899927723348051
這次又有新的了3000換60000體驗金,2,[-2.26757812 -0.46899414  2.14257812],0.9211731008992464
這個推嗎,2,[-2.80664062 -1.43066406  4.5703125 ],0.9969077551188049
我還沒試過欸如果跟之前一樣的話拿3000一個禮拜賺2萬是還不錯,2,[-2.54882812 -0.78320312  3.23632812],0.9793991109072364
有群組可以加嗎🤣想再去騙點零用錢,2,[-2.46679688 -1.61132812  4.13671875],0.9954759627959775
可以加我的賴,2,[-2.29882812 -0.83203125  2.76367188],0.9673321326239864
