text,label,raw_outputs,probability
很好的幣，但是上市再買就好了也一樣低點早買套住幹嘛？早買只是給財顧賺錢而已,1,[-1.40527344  1.20605469 -0.921875  ],0.8385599907088249
上市再買就好了也一樣低點套住幹嘛？早買只是給財顧賺錢而已,1,[-0.8984375   1.25878906 -1.55273438],0.8505146103907676
上市再買其實也一樣低點,1,[-2.22070312  2.2734375  -1.99023438],0.9753767870625655
想問玉山金跟合庫金哪個比較好？,2,[-1.62695312 -1.48339844  3.76953125],0.9903297716418653
