text,label,raw_outputs,probability
現在台灣券商買美股etf手續費超便宜欸不考慮ㄇ,2,[-2.04101562 -1.6171875   3.90429688],0.9934255196053056
營業員確實可以在有問題的時候，幫您提醒多和營業員互動很常會有意想不到的收穫，包含股市行情、金融問題、和更好的定期定額標的我是元大證券營業員，如果有需要可以IG聊聊,2,[-2.25195312 -1.45800781  4.1015625 ],0.9944400384748181
元大手續費好貴,2,[-1.765625   -1.75488281  3.77734375],0.9921894296068057
可是值得啊，元大的營業員花費時間精力上課充實自己，可不是上假的，我們不以價格，而是更重服務，主要還是你覺得服務是不是有價值的,2,[-2.43359375 -1.51757812  4.609375  ],0.9969525629971986
真的說得真好我有找到營業員了:),2,[-2.59570312 -1.5703125   4.5234375 ],0.9969429823892642
很好啊，祝福你能夠累積更多的財富與知識👍,2,[-2.49023438 -1.203125    4.37890625],0.9952186905879593
再度賺錢了啦~,1,[-2.66210938  3.93554688 -2.93554688],0.9976048485332467
