text,label,raw_outputs,probability
推推推,2,[-2.86328125 -1.34570312  4.515625  ],0.9965402685864799
業務？,2,[-2.68945312 -1.62695312  4.609375  ],0.9973735571718184
還沒開放交易怎麼會有虧損？？？？,2,[-2.11914062 -0.98144531  2.52539062],0.961903156819974
找你的營業員處理,2,[-2.484375  -1.6640625  4.453125 ],0.9968347097531071
個人偏好玉山金！,2,[-2.16992188 -1.3125      3.59375   ],0.9895701783142394
打電話去問，只有台北的可以領,2,[-2.609375   -1.67089844  4.5234375 ],0.9971686109254613
