text,label,raw_outputs,probability
剛剛登入系統是還可以登入的!!!,2,[-2.328125   -1.63378906  4.6953125 ],0.9973327395277338
你提錢成功嗎？,2,[-2.43945312 -0.76757812  3.39257812],0.9818001405641499
請問你（T+4)才拿回，是拿回你投入的錢嗎？,2,[-2.00390625 -1.66796875  4.18359375],0.995093828633275
