text,label,raw_outputs,probability
聊....聊什麼東西,2,[-2.60546875 -1.52539062  4.40625   ],0.9964572137476957
快畢業了要先找工作吧,2,[-1.71191406 -1.63964844  4.28515625],0.9948681176998947
Bro，WTF?,2,[-2.13867188 -1.49511719  3.13671875],0.9853645534155682
他打什麼,2,[-2.59570312 -1.69628906  4.4375    ],0.996958825820589
我只是看不懂他在幹嘛....好困惑啊,2,[-2.44921875 -1.54296875  4.328125  ],0.996056527895024
他一直想聊感情不知道是想聊什麼莫名覺得很噁😊,2,[-1.83886719 -1.70898438  4.546875  ],0.9964083533336618
