text,label,raw_outputs,probability
成本3750張說不知道在漲什麼的先去研究研究公司做什麼的再去看看有幾項工程近兩年要完工的,2,[-2.02148438 -0.921875    2.85742188],0.9704553862696349
來考古，TD開五天就好了,2,[-1.88964844 -1.17578125  2.44921875],0.9618155366881818
成本3750張現在擺著每天快樂數錢等園區擴建工程完工呵呵,1,[-2.42382812  2.33789062 -1.796875  ],0.9760312910667024
可以找我開戶哦😄,2,[-2.59375    -1.59570312  3.70898438],0.9932463804594053
營業員都傳這個給我,2,[-2.39257812 -1.50195312  4.19921875],0.9953084940724649
可以找我喔～盤中找得到人,2,[-2.03515625 -1.40136719  4.1015625 ],0.9938018347822408
可以找我喔～～,2,[-2.19335938 -1.27246094  4.0078125 ],0.9929322168213685
如果什麼都不懂，可以找營業員教你，可以找我😄,2,[-2.65429688 -1.55761719  4.4609375 ],0.9967646872288797
