text,label,raw_outputs,probability
卡,2,[-2.80273438 -1.49316406  4.32421875],0.9962356787606333
不用怕啦我也是奈米戶,2,[-2.546875    0.07946777  1.40332031],0.7779927182520642
有料,2,[-2.74804688 -1.54394531  4.39453125],0.9965849491825102
