text,label,raw_outputs,probability
你現在是否還在為被套住的股票煩惱知道你為什麼會被套住嗎那是因為你上錯了車如果接下來你不知如何操作可以添加下方line：Q8989898免費交流診股,2,[-0.98583984 -0.875       2.125     ],0.9137839526145181
📣📣通告：推薦股已出，大家可以點擊下方連結免費獲取代碼，名额有限，先到先得：,2,[-1.95800781 -1.55957031  4.109375  ],0.994264353892601
📣📣通告：今日推薦股已出，大家可以點擊下方連結免費獲取代碼，名额有限，先到先得：,2,[-1.44824219 -1.54589844  3.60546875],0.9879694230690746
還行😝,0,[ 1.29101562 -1.29785156  1.08300781],0.5298558503204384
多軍現在死去哪了呢,0,[ 3.87890625 -1.33984375 -1.29296875],0.989033583018413
錸寶呢,2,[-1.11816406 -1.17089844  2.11132812],0.9283998019081742
