text,label,raw_outputs,probability
結果他又說不提領了這樣才可以賺更多我無言⋯,2,[-1.94824219 -1.29785156  3.95703125],0.9921156620364304
這真的詐騙。叫他先領一半吧！我的群收割很久。而且客服貝萊德也自己封鎖我,2,[-1.87207031 -1.59375     4.24609375],0.9949142044681658
我的app還沒封鎖耶,2,[-2.359375   -1.546875    4.30078125],0.9958496937841176
不要密客服應該就沒事，我資金之前被凍結，他們稱是銀行凍的，昨天發現解凍後，問客服資金解凍了是否可繼續使用，客服回我資金解凍但是帳戶沒解凍，除非我把資金補齊，不然不會解凍，下秒就把我app禁用鎖起來了,2,[-0.81933594 -1.01171875  2.61132812],0.944227647206429
你們的群被收割是你們揭穿詐騙後被收割還是還沒驚覺詐騙就不見了？,2,[-2.53320312 -1.59570312  4.57421875],0.9970980427142393
資金補齊你也有申購？,2,[-1.94433594 -1.30175781  3.24804688],0.9841279702532502
這樣踢出了,0,[ 5.0625     -2.39257812 -1.39355469],0.9978551323695718
申購我只申一隻，林紫萱說一隻不會中，要我申購10隻，還說中標可以棄權，我沒理他，哈～申購之後又另一個鉅額的，本來有跟客服預約40w份額，後來才發現這裡討論詐騙，沒去儲值那40w，所以把我申購賣出的錢凍結，昨天發現解凍問客服繼續使用，沒問沒事，一問把我APP鎖了,2,[-1.44238281 -1.38183594  3.27929688],0.9819749067609108
他說完對，當下就把我APP鎖了,2,[-1.51660156 -1.30175781  2.80664062],0.9711652243129839
