text,label,raw_outputs,probability
請問能加群組看看嗎,2,[-2.83203125 -1.55761719  4.546875  ],0.9971510414982027
