text,label,raw_outputs,probability
同問,2,[-2.75976562 -1.390625    4.31640625],0.9958497727779809
