text,label,raw_outputs,probability
可以等到上市後再買啊一開始上市也是低點那麼早買被套住意義在..給業務賺錢而已,1,[-0.25024414  0.71777344 -0.58984375],0.605950785894691
可以等到上市後再買吧一開始上市也是低點那麼早買被套住意義在..給業務賺錢嗎,1,[-0.38623047  0.69433594 -0.37817383],0.5946887313802613
謝謝你的建議🙏🏻,2,[-2.48632812 -1.42382812  3.39453125],0.9892445209422287
看來你已經全脫手了，恭喜你，有看很多關於耀華的評論跟分析，很多人說是爛股、抗漲股、但也有看到他們公司的新聞包含公司近幾年來做了哪些措施，仍然想等待這支股。,0,[ 1.57324219 -0.08880615  0.08050537],0.706960290382248
謝謝你的建議，我會去參考觀摩的,2,[-2.85742188 -1.17382812  4.38671875],0.9954596884962279
