text,label,raw_outputs,probability
還真的會有人被騙，真的要玩怎麼不用幣安去玩，就算那是真的交易所光手續費就很多了,2,[-2.29101562 -1.51855469  4.09375   ],0.9946886557059322
他應該是會看金額很少隔天就入帳,2,[-2.3359375  -1.59667969  4.4609375 ],0.9965546801681249
通常他們會讓你轉幾次，讓你信以為是真的機構，之後他們會用盡各種方法慫恿你轉入更多的金額，等到時候會退群，準備收割讓你領不到錢,2,[-1.79101562 -1.41113281  3.76953125],0.9906179147096514
所以第一次提錢都會成功如同你說的一樣,2,[-2.234375   -1.0078125   3.81054688],0.989658172496547
