text,label,raw_outputs,probability
群益定期定額的手續費0.16哦比豐美股低一點,2,[-0.17297363 -1.80273438  2.82617188],0.9437567562602754
謝謝分享因為看他ig留言是關閉的但他限動又分享蠻多人的心得謝謝你的分享！,2,[-2.79101562 -1.31445312  4.51171875],0.9963900390491277
請問你賣了嗎我也被套🥺,0,[ 4.5859375  -2.14257812 -0.75439453],0.9940450874106892
還沒耶我還放著😂,0,[ 1.93164062 -0.54882812  0.06994629],0.8070288519301193
