text,label,raw_outputs,probability
哪間ㄚ,2,[-2.65429688 -1.57617188  4.34765625],0.9964277633932931
華南,2,[-2.09960938 -1.83105469  4.421875  ],0.9966152057102124
