text,label,raw_outputs,probability
國泰有營業員！！我以為只有數位團隊欸🥺,2,[-2.41796875 -1.50976562  4.3203125 ],0.9958943964386993
可以!!!拜託讓大家知道不要再被騙了,2,[-2.83789062 -0.69238281  2.9296875 ],0.9710108519666455
