text,label,raw_outputs,probability
我沒賣耶今年目前掉的誇張雖然還是有賺但就覺得賺太少有點不甘願只能靠股利安慰一下自己😂,1,[-0.64306641  1.49316406 -2.01953125],0.8711441662006059
帳單貼來,2,[-2.82226562 -1.66308594  4.44921875],0.9970979280352124
應該是因為6208是50大成長潛力比較可觀雖然692的100檔成份股跟6208有很多重複的但相對來說權值分散了許多,2,[ 0.30712891 -1.16210938  1.81347656],0.7857090063275511
感覺是一樣，真的，我的紫萱也會發講義給我，我還覺得超貼心也有送我獎金禮物等，只是我一直存有疑慮，沒入場就是了看來是一場空想步道騙那麼多學生,2,[-1.54492188 -1.55859375  3.79296875],0.9905435428117426
哈囉久等了在此奉上下一標的希望繼續連勝,1,[-2.97460938  3.265625   -2.21289062],0.9939123645692397
