text,label,raw_outputs,probability
想問有推薦麥門-神乎期技嗎?不知道推不推,2,[-2.44921875 -1.56347656  4.6328125 ],0.9971312128678661
