text,label,raw_outputs,probability
歡迎聊聊唷～我是統一期貨妮妮😉—————————————————————👋統一期貨-黃曼妮📞專線:(02)3766-3825📍台北市松山區東興路8號🚗捷運南京三民站【110年金管期總分字第002號】,2,[-1.57519531 -1.51464844  3.24023438],0.9835614494878016
歡迎聊聊唷～我是統一期貨妮妮😉—————————————————————👋統一期貨-黃曼妮📞專線:(02)3766-3825📍台北市松山區東興路8號🚗捷運南京三民站【110年金管期總分字第002號】,2,[-1.57519531 -1.51464844  3.24023438],0.9835614494878016
歪個樓我也覺得不錯🤣,2,[-2.36328125 -0.15136719  1.58691406],0.8367687731851283
一堆啊還聽過辭職去allin的,2,[-1.73144531 -1.47363281  3.73046875],0.9903545349165565
可轉發到爆料公社嗎看身邊朋友一個一個進去又醒不來我大愛精神真的發作,2,[-1.93261719 -0.94580078  3.14257812],0.977501572515001
提前在7月底氣候法案第一時間即時就先介紹講述給大家現在財經節目在簽署後的作完整報導連結供大家看看囉,2,[-2.09179688 -1.44726562  3.95898438],0.9932020671970029
我自己也是用永豐欸,2,[-1.61816406 -1.62109375  3.82421875],0.9914284602025557
