text,label,raw_outputs,probability
00881真的881…….快跌破發行價了…….長抱的話又偏向保守，建議0050月扣3000（可以分三天），0056月扣5000（分幾天都可以）,0,[ 1.02636719  0.61816406 -0.71533203],0.5434587007817254
@3999是邀請制度的年資夠了才會被邀請並不是想加就可以加,2,[-2.25195312 -1.63574219  4.51171875],0.9967169279345435
還有很多比他強的不一定要跟他學,2,[-2.3359375 -1.4609375  4.6328125],0.996812435313144
有收你費了嗎？,2,[-2.65625    -1.55175781  4.3046875 ],0.9962048537933184
好的謝謝你😭😭🫡,2,[-2.1875     -1.52050781  2.8984375 ],0.982096364553268
這幾天要小心，他們正在私底下帶單讓你賠錢！,0,[ 2.71679688 -0.70458984 -0.93017578],0.9445216011696782
我有匯五千欸,2,[-1.77441406 -1.1796875   3.125     ],0.9794740892598759
獲利13000明天我提領看看,1,[-2.61914062  2.80664062 -2.13085938],0.9885582945313439
嗨可以領到幾號?,2,[-2.42578125 -0.40795898  2.33984375],0.9323261331276458
