text,label,raw_outputs,probability
最好的是00713,2,[-1.53613281 -1.23242188  2.28320312],0.9508671867196729
正規貸款全臺可借需要的加我LINE：L22332了解一下,2,[-2.14453125 -1.09472656  3.18359375],0.98162487162264
正規貸款全臺可借需要的加我LINE：L22332了解一下,2,[-2.14453125 -1.09472656  3.18554688],0.9816600679622367
