text,label,raw_outputs,probability
不需要,2,[-2.7578125 -1.09375    4.09375  ],0.9934000923301647
你要嗎,2,[-2.5625    -1.234375   4.0078125],0.9933544245150668
你有哪些阿,2,[-2.96679688 -1.46289062  4.390625  ],0.9965046274205989
新的一週就選你了,2,[-2.4609375  -1.01367188  3.34570312],0.9844516754418486
