text,label,raw_outputs,probability
買了10股,1,[-2.63671875  3.65625    -2.76757812],0.9965403157223099
換匯優惠試算,2,[-2.44335938 -1.80859375  4.3046875 ],0.9966249840059997
想請問樓上資深大哥大姊大概都定期定額多少00885🙏,2,[-2.51953125 -1.57617188  4.0625    ],0.9950816860912544
我是3000哦～,2,[-2.5625      0.56445312  0.58935547],0.49549646935788266
建議你可以去聽這個有相關說明free分享會,2,[-2.71679688 -1.49121094  4.515625  ],0.9968254760424681
