text,label,raw_outputs,probability
和桐目前連九買有什麼想法嗎,1,[-2.578125    1.07226562  0.09338379],0.7134133265208219
