text,label,raw_outputs,probability
永豐API很讚，開戶找我,2,[-1.13378906  0.1206665   0.42089844],0.5123208529634213
今天用台新交易完才發現零股已經沒有手續費1元...,2,[-1.26269531 -1.74609375  3.57617188],0.9873640140606283
