text,label,raw_outputs,probability
哪本,2,[-2.63867188 -1.6015625   4.5703125 ],0.9971807438267355
喔喔有了看完普通,2,[-1.78710938 -1.41992188  3.01953125],0.9804136215491581
請問能加賴嗎？,2,[-1.86816406 -1.2109375   3.41601562],0.9853617453573901
可以用ig私訊我，我給你line,2,[-2.83789062 -1.38867188  4.1796875 ],0.9953093756629158
我是群益的呦！我們目前有手續費優惠，線上就能直接開戶而且任何一家銀行都可以綁定不用再另外開銀行帳戶，我在有興趣可以加我的ig詢問呦！,2,[-2.6171875  -1.47460938  4.58984375],0.9969439844503789
