text,label,raw_outputs,probability
#推薦凱基期貨營業員#系統相對穩定目前用到現在也沒有什麼問題,2,[-2.84570312 -0.77148438  3.24414062],0.9801063461869622
#推薦凱基期貨營業員#耐心#真的很認真的妹子,2,[-2.47460938 -1.52636719  4.3203125 ],0.9960070846509358
