text,label,raw_outputs,probability
到現在還是沒出去半個我草太鳥了下週去換券商,2,[ 0.71679688 -1.34082031  1.44238281],0.6468803325071085
跟股市老劉劇情一樣,2,[-2.1875    -1.5546875  4.0859375],0.9945930106973283
bitercoinpro也是,2,[-1.65722656 -1.59570312  3.74414062],0.9907787917914229
被踢出了嗎？還是系統更新呢？,2,[-1.99609375 -1.70214844  4.54296875],0.9966256780249723
對我也覺得我媽能提成功就是給她吃甜頭,2,[-2.5        -1.13671875  3.76367188],0.9907386586108691
嗯嗯,2,[-2.77539062 -1.43261719  4.265625  ],0.9957907036642649
所以你家人都領回來了嗎,2,[-1.69726562 -1.578125    3.7109375 ],0.9905637200818447
