text,label,raw_outputs,probability
所以張0姿的目的是拿到成交截圖讓他抽佣金？那這樣領她的獎金會被當人頭戶帳號會凍結嗎⋯⋯？,2,[-2.09179688 -1.65332031  4.59765625],0.9968375004069564
是因為投錢進去才被騙嗎還是他會直接駭你帳號⋯,2,[-2.37304688 -1.578125    4.4140625 ],0.9963866847810965
提領是只算去atm/臨櫃領出來嗎那如果都不要提領只讓錢留在銀行戶頭用數位支付/轉帳/刷卡之類的呢,2,[-2.27148438 -1.66894531  4.53125   ],0.9968700591578038
就是那筆錢最好都不要動到唷,0,[ 1.90527344 -1.77050781  0.94824219],0.7095414680197856
