text,label,raw_outputs,probability
國鼎噴爛了,1,[-2.578125    3.98242188 -2.97460938],0.9976385595991794
謝謝丁大無私ㄉ粉想,2,[-2.4765625  -1.32421875  3.73632812],0.9917235432704534
