text,label,raw_outputs,probability
飯店旅館業在前年雖然生意不好可是卻趁這波疫情合法藉口把不喜歡的員工全炒了資遣,2,[ 0.17248535 -1.05664062  2.05273438],0.8352956156229516
不用換,2,[-2.234375   -0.94140625  2.86328125],0.9724058384050213
股市牙醫只是免費分享自己的操作，可以去研究他的進出場點適不適合自己，而不是在這亂攻擊他吧。更何況，你這消息也只是‘’聽‘’來的，沒有證據亂評論，更要小心被罰錢吧...,2,[-2.0859375 -1.6015625  4.4765625],0.9963088536123474
嘻嘻牙醫繼續嘴秋,2,[-1.90136719 -1.52636719  4.15234375],0.9942659787024588
