text,label,raw_outputs,probability
我身家300萬也allin美股了,1,[-2.3125      1.37109375 -0.58496094],0.8572302395902901
大戶投app真的還不錯,1,[-2.921875    2.98828125 -1.87597656],0.9896783308802757
