text,label,raw_outputs,probability
還香嗎我每天都催眠自己很香跌了就買1張,1,[ 0.02033997  1.39355469 -1.7734375 ],0.7719495070688703
