text,label,raw_outputs,probability
大戶投開戶會直接指派，我被派到的就還不錯,2,[-2.4921875  -0.96923828  3.42578125],0.985193235922844
通報📢好像有人對這篇文章有新想法唷，快來去看看！,2,[-2.39648438 -1.37011719  3.79101562],0.9922700606097825
我喜歡大戶投,2,[-2.33398438 -0.57421875  2.2734375 ],0.9363667963718367
我自己也有用大戶投！app很好用,2,[-2.53320312 -1.10058594  3.65234375],0.9894276090364548
