text,label,raw_outputs,probability
說那麼多就是想看看還能騙錢吧,2,[-1.87597656 -1.3515625   3.57421875],0.9885794163808643
如果申請提領資金是不是很大可能會被封鎖,2,[-2.59179688 -1.56445312  4.640625  ],0.9972655782202391
對喔,2,[-2.8359375  -1.35449219  4.25      ],0.9955022418251953
所以你也是申請後馬上被鎖嗎？,2,[-2.59179688 -1.60351562  4.52734375],0.997024705445977
就是、鎖提款一直申請中T+2到了就不出金最後踢群組在封app帳號,2,[-2.06640625 -1.61132812  4.12890625],0.9947744687896967
