text,label,raw_outputs,probability
雖然是一年前了😂但想詢問記得當初排多久嗎？因為想要上班中途去領，可是怕耗太久時間😭,2,[-1.93164062 -1.54101562  3.87695312],0.9926171157887805
我那時候很快喔！整個流程3分鐘內而已前面有排一些人但有兩三個通道可以領所以就算有排隊還是很快就領到了~,2,[-2.3828125  -1.34863281  4.13671875],0.9944099869925301
互相分享好的經驗,2,[-2.8046875  -1.25488281  4.46484375],0.9960387080474228
B請問後來有提領成功嗎？,2,[-2.49609375 -1.59375     4.42578125],0.9965948464244265
有耶超幸運！,1,[-2.87695312  1.37207031  0.6328125 ],0.6703552627255988
