text,label,raw_outputs,probability
太慘了,0,[ 5.23046875 -2.60546875 -1.37011719],0.9982482313241154
