text,label,raw_outputs,probability
你可以盡到你的義務就好，裝睡的人叫不醒你想救他，他還不見得想給你救,2,[ 1.13085938 -1.39550781  1.24414062],0.5090908716554016
輕輕鬆鬆啦~~~,2,[-2.6640625   0.04299927  2.03125   ],0.8725449486212592
再戰~~吾必勝,1,[-1.93847656  1.8515625  -1.34667969],0.9403545887028656
