text,label,raw_outputs,probability
50股也在po,2,[-1.83691406 -1.1953125   2.99023438],0.9773038657184039
