text,label,raw_outputs,probability
不說買哪隻怎麼回答….,1,[-1.12207031  0.47924805  0.15478516],0.519603049896056
營業員真的沒這麼好當⋯🥲,2,[-1.87207031 -1.70019531  4.07421875],0.9943110041972479
已爬文但還是不懂我是王品零股備齊證件影本及電子投票頁面整頁影本給長龍徵求處他們也收了這樣領的到嗎？,2,[-2.3125     -1.60839844  4.3046875 ],0.9959752474441803
他們收了當下你就該拿到了...通常都不收零股不是嗎？,2,[-1.75       -1.26171875  3.21484375],0.9819792279378834
沒有欸他只跟我說8月後再來領如果因為資料不齊沒有領到他還是會收我錢,2,[-2.04492188 -1.60449219  4.2578125 ],0.9953457924241368
那應該會給你欠條，之後拿欠條去換吧,2,[-2.48828125 -1.62597656  4.48046875],0.9968407262142824
沒錯但他跟我說不一定會換到換不到還是要收錢,2,[-2.265625   -1.43359375  3.91796875],0.9932422396189984
叫人認領儲值我這就被人刪了,2,[-1.02734375 -1.70800781  3.56835938],0.9850216772046412
是不是要送粽子,2,[-0.19055176 -1.33007812  2.52539062],0.9197040661828487
