text,label,raw_outputs,probability
這個給原PO參考：美股英文－想投資美股的你知道美國股票英文單字嗎？現在就帶你秒懂理財投資英文！,2,[-2.44335938 -1.64941406  4.33203125],0.9963466970675439
這個給原PO參考：美股英文－想投資美股的你知道美國股票英文單字嗎？現在就帶你秒懂理財投資英文！,2,[-2.44335938 -1.64941406  4.33203125],0.9963466970675439
崩一波跌到500的時候我笑你不敢進,0,[ 2.11328125  0.25292969 -1.19628906],0.8388207737131892
85000如何拿回來的,1,[-1.25976562  1.046875   -0.75292969],0.7905598024701113
收割了⋯⋯,2,[-2.60742188  0.50244141  1.40039062],0.7014701521435239
我的群還沒收割,2,[-2.4296875  -1.35351562  4.40625   ],0.9957914767589718
