text,label,raw_outputs,probability
請問怎麼開戶,2,[-2.87304688 -1.55566406  4.54296875],0.9971606077254034
