text,label,raw_outputs,probability
+1,2,[-2.8984375  -1.49121094  4.47265625],0.9968110679478288
中肯,2,[-2.65625    -1.640625    4.51953125],0.9971314411283455
