text,label,raw_outputs,probability
我去早餐店都被叫帥哥弟弟欸,2,[-2.11914062 -1.61328125  4.4765625 ],0.9963811547477273
存一段時間再匯進去FT湊滿2500鎂有時候好像會有手續費補貼,2,[-2.29492188 -1.07519531  3.27539062],0.9835660453684213
要進受害者聯盟Discord在跟這個人說😂撿到#0412,2,[-2.10546875 -0.22094727  1.76074219],0.8629812514546781
還有最新劇情？,2,[-2.67578125 -1.56542969  4.54296875],0.9970518892986003
新劇情就是要刪群了要加入他們得要再投10萬,2,[-2.27734375 -1.45800781  4.359375  ],0.9957315923376496
已刪群,0,[ 4.59375    -2.24804688 -0.61767578],0.9935201874507747
交易所的帳上盈利？,2,[-2.34960938 -1.72265625  4.4453125 ],0.9967953691123751
有人知道永豐交割戶一定要永豐的銀行嗎,2,[-2.5234375  -1.59570312  4.46875   ],0.9967674208916234
