text,label,raw_outputs,probability
收到公信的通知書發現通知書上的規則跟公開資訊觀測站上的不一樣XD以通知書為主零股的股東除非出席股東會，不然沒辦法領了,2,[-2.375      -1.69726562  4.6484375 ],0.9973619506307525
機構幫借錢拿到抽籤標的結果說要補上才能賣出真會想辦法騙錢的,2,[-1.91503906 -1.63476562  4.1953125 ],0.9948688467872953
你知道就好了。你匯款後。就跟你說一路順風。再見不送,2,[-2.7109375  -1.16601562  4.29296875],0.994860347665171
所以假的交易系統上面都是假資料，來誤導受害者匯款,2,[-2.5859375  -1.57324219  4.58203125],0.9971151985498682
現在只能等警察那邊了,2,[-2.265625 -1.671875  4.390625],0.9963984859245385
喔喔喔。群組被取消了。詐騙已經收割完成,2,[-2.06640625 -1.36621094  3.82226562],0.9917180082865624
叫群組的認購我的股票都沒人敢,2,[-1.23046875 -1.79785156  3.44140625],0.9855528739823277
你的群組還在喔！我晚上八點多就被刪群組,2,[-1.10742188 -1.87109375  4.05078125],0.9916383111800002
