text,label,raw_outputs,probability
我有訂閱Gino，最近還有考慮訂閱小豪，有興趣嗎,2,[-2.1328125  -1.52441406  3.79296875],0.9924816567808532
小豪部分有興趣,2,[-2.83203125 -1.23730469  4.1796875 ],0.9946866416439852
可以討論小豪,2,[-2.40234375 -1.578125    4.37890625],0.9962913672471545
