text,label,raw_outputs,probability
我也是奈米戶誒哈哈,2,[-1.59863281 -1.69433594  3.5625    ],0.9891715703541292
