text,label,raw_outputs,probability
你那邊還來得及,2,[-1.2109375  -1.0546875   2.95703125],0.9675054259807274
