text,label,raw_outputs,probability
感謝你解答我心中的迷惑,2,[-2.77148438 -1.22753906  4.36328125],0.9954915404936786
假認真,2,[-2.38476562 -1.72460938  4.1015625 ],0.9955464418663407
一起來做善事強強聯手帶大家飛,1,[-2.72070312  3.3046875  -2.02734375],0.9928013484500723
再成功一次，啦啦啦~~敬請期待下一次操作,2,[-2.79296875  0.08612061  2.24609375],0.8914181087019072
聊天時室一波7刷過去,2,[-3.109375    0.48974609  1.54296875],0.7361867151355781
