text,label,raw_outputs,probability
宏達電嗎？,0,[ 1.83886719 -2.0234375   1.19140625],0.6475038053223975
你還好嗎,2,[-0.91699219 -1.81640625  3.75390625],0.986998132700433
12.9還好,2,[-2.22460938 -1.55859375  4.08984375],0.9946953172270898
台積電當我的男主角你當我們電影金主好嗎？,2,[-1.93847656 -1.56445312  3.90625   ],0.9929467039552787
我不是你的男主角喔那還是算了🥲,2,[-1.19726562 -1.85742188  3.734375  ],0.9891754730445591
你可以當男主，台積電當男配被我甩,0,[ 1.62597656 -1.56835938  1.09082031],0.6147900565701763
聽起來不錯喔都給你啦,1,[-2.91796875  2.8828125  -1.81347656],0.9879916704246106
厲害～～～～～～,2,[-2.74023438 -1.14648438  3.99804688],0.9930329910779887
