text,label,raw_outputs,probability
期貨、複委託手續費也都歡迎私訊詢問～～提供每日投資資訊🎉台中南投各縣市都歡迎詢問！線上就能開完銀行和證券戶✅,2,[-2.39453125 -1.48632812  4.19140625],0.995222004434104
永豐金～～,0,[ 1.30566406  0.25927734 -1.13671875],0.6953339550075076
不會讓你出金了,1,[-1.29492188  1.38964844 -1.94921875],0.9060206210156665
三萬,2,[-3.27734375 -0.05334473  2.61914062],0.9329842841790187
我還年輕，我還能接,1,[-0.4206543   0.42651367  0.36328125],0.4224128243369095
