text,label,raw_outputs,probability
嘉偉老師是誰？想看,2,[-2.796875   -1.53515625  4.5390625 ],0.9970555591959795
