text,label,raw_outputs,probability
前天才去報案，剛好被騙50萬QQ,2,[-2.04882812 -1.55175781  3.36914062],0.9884072438344638
做好所有的資料…報案目的就是要把錢拿回來…一起加油💪,2,[-2.42578125 -1.52734375  4.01171875],0.9944998070615966
想問你離報案時間經過多久了,2,[-2.73828125 -1.56738281  4.44921875],0.9968162512071713
還沒一個月,0,[0.88427734 0.18457031 0.18322754],0.5018077451303186
