text,label,raw_outputs,probability
嘻嘻反應真激烈耶,2,[-2.6796875  -1.41699219  4.3984375 ],0.9961900194469447
是誰急了，我不說😗好可惜台積電又連漲好幾天了ㄟ🈹️在我說的時間點入場的話也該賺不少了吧😝哪像你只能在這邊打嘴炮，當個沒能力的窮人哈哈哈,1,[-3.07421875  2.359375   -1.29296875],0.9705932983972468
笑死,2,[-2.55078125 -1.45800781  4.41796875],0.996267105932299
