text,label,raw_outputs,probability
平常沒再聯絡，突然間變得很熱絡的朋友都怪怪的,2,[-2.30859375 -1.49414062  4.3046875 ],0.9956455195885806
也太直接了吧,2,[-2.32421875 -0.80615234  2.89648438],0.9708153944198065
有夠惡劣的手法,2,[-2.33007812 -1.58203125  4.52734375],0.9967371204906442
