text,label,raw_outputs,probability
XQ的嗎?,2,[-2.20507812 -1.53027344  2.90820312],0.9824821158643936
有快報案……我被騙100W已報警,2,[-0.87646484 -1.31738281  2.0859375 ],0.921695324107367
你媽會說：那時你還小，不懂用錢，所以我幫你花完了沒關係你還可以期待他的遺產有多少～,2,[-2.13671875 -1.625       4.30078125],0.9957480325865741
慘兮兮耶,0,[ 5.3359375  -2.6171875  -1.48242188],0.9985570099168041
不要怕跌的咪咪冒冒,1,[-0.73242188  1.51660156 -1.98730469],0.8806058253716869
你買幾張,1,[-3.35742188  0.98339844  0.8515625 ],0.5292375651909383
