text,label,raw_outputs,probability
牙醫不賣了，能跟你買嗎,2,[-2.79296875 -0.79052734  3.51367188],0.9848957839311825
