text,label,raw_outputs,probability
反對，除非有先找先約好特定好證券營業員，否則別去開戶，因為先開戶完，就很難降手續費。,2,[-2.1875     -1.65234375  4.40234375],0.9962927051118893
好！感謝你～(⁎⁍̴̛ᴗ⁍̴̛⁎),2,[-1.69335938 -1.02050781  2.03710938],0.9337232544260498
哭,0,[ 5.2890625  -2.64453125 -1.44726562],0.9984568914415425
我個人經驗，兆豐證券複委託，一個客戶可以在多個分公司開戶。因我有舊兆豐被營業員放生，或是我放生營業員，所以就改到其他分公司開戶，沒問題。只是手機的預設分公司要選好，避免交易錯帳戶。,2,[-2.44140625 -1.46875     4.26953125],0.9955817866662819
就是因為沒虧損才會一直想投入賺一些填補家用直到看到大家發的內容才知道詐騙為時已晚炸了將近100萬,2,[-0.63964844 -1.65722656  2.84570312],0.9599513279584877
你連同玩隔日沖賺的錢一起提領嗎還是只有提領投資的40萬,2,[-2.40039062 -1.38964844  4.21875   ],0.995023375817396
我只有先提領31萬就不給了,2,[-1.78710938 -1.66796875  4.015625  ],0.9936203605489231
我也是,2,[-2.51367188 -1.34960938  4.47265625],0.9961297133265057
你也是？,2,[-2.84765625 -1.43652344  4.44140625],0.9965285475792438
