text,label,raw_outputs,probability
韭菜嗎？🈹️起來再不看營收有夠舒服,0,[ 1.47851562  1.15136719 -2.24804688],0.5730487708082453
我想訂閱股海你訂了嗎,2,[-2.19140625 -1.12890625  3.07617188],0.9803193986332822
只要是存個股都還有要追蹤公司的狀況哦,2,[-2.30664062 -1.56835938  3.99804688],0.9943798484024438
可以加賴嗎？,2,[-1.61035156 -1.04492188  2.5703125 ],0.9595096806577287
GG,2,[-0.4230957   0.12359619  0.32324219],0.43608703596772974
還活著嗎,2,[-0.64013672 -1.39355469  2.91601562],0.9597041518816207
