text,label,raw_outputs,probability
這檔沈潛很久了，有機會,1,[-2.46679688  2.79101562 -2.25390625],0.9884854830169318
眾人看衰的話...,0,[ 2.7734375  -0.46972656 -0.80859375],0.9373307176629305
