text,label,raw_outputs,probability
謝謝大大分享,2,[-3.0078125  -1.16992188  4.19921875],0.994629510428872
