text,label,raw_outputs,probability
神,2,[-2.06835938 -1.13769531  3.45117188],0.986025949238592
