text,label,raw_outputs,probability
感覺有人在吃貨...,0,[ 1.20019531  0.52636719 -0.30151367],0.5771997116907984
不過全年還是成長,1,[-2.65429688  3.7578125  -2.94140625],0.9971348008412583
相信J大 繼續加碼!!!,1,[-2.54296875  3.85351562 -3.02734375],0.9973125719023664
還能抱嗎,2,[-0.49121094 -0.58447266  1.5625    ],0.8031513142770017
