text,label,raw_outputs,probability
12.15  +7.96%,2,[-2.6171875  -1.55566406  4.515625  ],0.9969029550740125
