text,label,raw_outputs,probability
這隻還行，也是趨勢股,1,[-1.94042969  1.36914062 -1.28417969],0.9033840794039074
我還沒吃夠  慢慢漲plz,1,[-2.47851562  3.28515625 -2.62695312],0.9941879432575557
