text,label,raw_outputs,probability
停利在10% 有賺有推 感謝j大,1,[-2.92382812  3.5546875  -2.49609375],0.9961229800209883
