text,label,raw_outputs,probability
妖股別亂空阿，小心被嘎到死,1,[-0.95019531  1.80761719 -2.328125  ],0.9264224513011396
