text,label,raw_outputs,probability
已出一半  一半續留上看50,1,[-1.921875    2.82226562 -2.7421875 ],0.987620948708821
已出庫存賺10%謝謝大大 後面有跌下會考慮再買進,1,[-0.74121094  2.02148438 -2.50195312],0.9311220491869773
