text,label,raw_outputs,probability
泡泡哥 500萬誠心問卦買鴻海 買房 買... ~怎會被桶?,2,[-0.46923828 -1.58496094  2.81835938],0.9527619696652988
良心,2,[-2.84570312 -1.54882812  4.42578125],0.9967728735384344
