text,label,raw_outputs,probability
買好久了，希望可以突破50！,1,[-2.578125    3.64453125 -2.83203125],0.9964893078587258
今天28X了,1,[ 0.01016235  0.69921875 -1.60839844],0.6243960389198664
