text,label,raw_outputs,probability
Ya,2,[-0.4230957   0.12359619  0.32324219],0.43608703596772974
查了一下他之前喊空宏達電還鍵盤單害死不少人 XD,0,[0.99853516 0.36303711 0.12194824],0.5139082480114883
沒料還裝大師,2,[-1.625      -1.59179688  3.56054688],0.9887454044463416
趕快跳樓吧，垃圾。,0,[ 5.24609375 -2.55078125 -1.48144531],0.9983940894441672
一直有沉重的賣壓... 還是有主力壓低吃貨呢?,0,[ 1.44433594  0.57080078 -0.39160156],0.6341407267426207
覺得量不大 持續觀望,1,[ 0.29980469  1.32519531 -1.74902344],0.7118035201501982
