text,label,raw_outputs,probability
推,2,[-2.74804688 -1.453125    4.65625   ],0.997177418507329
完了......天啊怎麼突然......想睡了完了......怎麼會...,0,[ 2.9921875  -1.05664062 -0.59033203],0.9567104256699416
