text,label,raw_outputs,probability
對joke大道歉，之前失言，已獲利,2,[-1.70996094 -1.37890625  3.11132812],0.9810900682437609
