text,label,raw_outputs,probability
不行,2,[-2.25390625 -1.53125     4.54296875],0.9965929430953077
Q3好像1.77  不知道是不是正面,2,[-2.47851562 -1.67285156  4.1796875 ],0.9958611545457796
