text,label,raw_outputs,probability
Q2財報耶 有出來了嗎@@,1,[-1.36328125  1.76660156 -1.86230469],0.9343453088355951
太委屈 不哭泣,2,[-2.28710938 -1.24316406  3.03515625],0.9815973909141801
J大今年是第三季認列嗎? 我記得去年是第二季認列請問你是怎麼看出來的 小弟想問一下 感謝~~可是我去年抱著漢唐上來的時候 就算前三季4.4股價也沒很高XD 要等到全年出來才會爬 很牛~~只能說真的超級需要耐心!!!!!,0,[ 1.10351562 -0.48828125  0.82958984],0.5091784455244175
"不知道這篇算不算消息面@[email protected]""sii&y=105&m=&q=02&r=t164sb04財報中 業外還沒列入 就快追上去年Q2的eps...超猛",1,[-3.06054688  2.4765625  -1.41210938],0.9761712579685099
