text,label,raw_outputs,probability
基本面好是多好板規1-1-5 1-1-6 請修正或砍文處份 提醒注意1-1-8,1,[-3.21289062  1.52832031  0.5703125 ],0.718192418723003
我覺得可以吃到72塊的雞排，雖然我也在裡面@ @,2,[-1.77148438 -1.77246094  3.61132812],0.9908983251201188
81路過,2,[-2.29296875 -1.484375    3.97460938],0.9938829537180812
還可以卡位雞排嗎,1,[-1.41699219  1.07617188 -0.66650391],0.7951025353724774
水辣 我要雞排,2,[-1.93164062 -1.07617188  2.52539062],0.9625771169337262
歡迎卡位喔 真的跌下來 就發雞排但機率真的不高 想對做的也歡迎,1,[-1.5703125   0.69873047 -0.12408447],0.6482542119897647
外資動作明顯是。。。。。,2,[-2.14257812 -1.1953125   3.1796875 ],0.9828301312047195
。。。。。。。出貨,0,[ 5.203125   -2.61328125 -1.16894531],0.9978927640252484
我的動作居然被奇樂識破了！,2,[-2.5        -1.32226562  4.2421875 ],0.9950132539033758
