text,label,raw_outputs,probability
狂放利多新聞。出貨文,0,[ 3.92773438 -1.36035156 -1.16699219],0.9889432172319079
給他空,0,[ 4.0859375  -1.54589844 -1.05761719],0.990668990428734
