text,label,raw_outputs,probability
廢,0,[ 5.28125    -2.640625   -1.28613281],0.9982349284170137
