text,label,raw_outputs,probability
財報是好的為什麼跌成這樣[email protected]@,1,[-0.3449707   1.20117188 -1.45703125],0.7793367842849045
我也不懂為何跌,0,[ 2.14648438 -0.10809326 -0.30834961],0.8397748973064973
請問線上板要怎麼每日更新?,2,[-2.83007812 -1.43554688  4.5078125 ],0.9967370580751802
推,2,[-2.74804688 -1.45410156  4.65625   ],0.9971795750892595
