text,label,raw_outputs,probability
"不停損的操作還玩融資融券，風險很高哦6x反轉訊號向上不反手作多的話，空手到這個價位整個損益還是比你現在好看你融券抱著轉買融資是在作套""損""？",0,[ 1.66210938  0.38330078 -0.41333008],0.71231665902948
136房地產 all in強,1,[-2.66015625  3.8203125  -2.765625  ],0.9970957340996512
他說那是鍵盤單啦，我一開始看到也嚇到，既然都看出方向了，幹嘛還要雙邊做,2,[-2.27539062 -1.55078125  4.0625    ],0.994612083005443
我也不小心進空單 還有救麼,1,[-0.03262329  1.1640625  -1.59863281],0.7324314441289961
這支算是保守標的 對保守投資來說還不錯但今年eps4元？ 我覺得不太可能今年的股本增加3成 稅後eps可能落在3~3.5元間吧除非你是指稅前 那就可能差不多,1,[-0.59033203  1.35058594 -1.62011719],0.8369326003811688
我是預估稅後，我覺得之後因為上述幾個助益，接下法說應該是利多吧？週三噴,1,[-2.59765625  3.671875   -2.93359375],0.9967644382389995
