text,label,raw_outputs,probability
現在才關注鴻海，可以退出股市不要鬧了嗎，我一點都不希望白癡太多照成紅海崩盤快點戰我！,0,[ 2.33398438 -0.25341797 -0.84570312],0.8954043905781195
推,2,[-2.74804688 -1.453125    4.65625   ],0.997177418507329
