text,label,raw_outputs,probability
發哥住500套房的飄過,0,[ 2.90234375 -0.95068359 -0.30419922],0.9418752032111686
526,0,[ 2.08398438 -0.41040039 -0.95263672],0.8845299143569959
一山還有一山高，只能期待聯發科爭氣點了...,1,[-1.09277344  1.0390625  -1.38964844],0.8286585205767673
已買90張~,1,[-2.74414062  3.5859375  -2.61328125],0.9962015717683069
價值在郭台銘的通路,2,[-2.4609375  -1.40625     3.98828125],0.9939141581639394
郭懂賺錢的是生產一條龍。其他蠻慘的。通路電影,0,[ 4.04296875 -2.2734375  -0.18322754],0.9838508045652846
10塊半不要跌破，就放著讓他慢慢盤,1,[-1.45019531  2.25585938 -2.61328125],0.9687535817957086
就跟它撐囉 轉虧為盈就噴了 中間沒股息好領 比較可惜點 還有就是郭董好像製造業以外的 目前都不太靈光 這次不曉得會不會又這樣,1,[-1.27441406  1.38574219 -1.59667969],0.8923732996466739
