text,label,raw_outputs,probability
樓上覺得把甲甲跟愛滋病患扯上關係 是歧視甲甲還是歧視愛滋病患?這兩者不是應該都是中性的詞彙嗎?,2,[-2.41210938 -1.64550781  4.75390625],0.997570989216308
老王的意思應該是單一性伴侶是否有助於股價吧,2,[-2.14257812 -1.65039062  4.4296875 ],0.9963269183112569
我只能說服自己版主想幫老王賺大錢所以水桶他,2,[-2.3359375  -1.61132812  4.63671875],0.9971368327617729
