text,label,raw_outputs,probability
玉山哥請一個禮拜長假 山友請接力 XD,1,[-0.92529297  0.17529297 -0.30200195],0.511997217513541
桶了一個玉山哥，還有千千萬萬個玉山哥,2,[-1.98828125 -1.50097656  4.2734375 ],0.995011033858306
