text,label,raw_outputs,probability
感謝分享 推推,2,[-3.06835938 -1.10839844  4.18359375],0.99429225061056
