text,label,raw_outputs,probability
抬轎文 以後看到此ID要注意,1,[ 0.2253418   0.70654297 -1.14160156],0.5631994998511836
