text,label,raw_outputs,probability
一直再這裡震盪啊，看來還有得看戲,1,[ 0.20910645  0.37915039 -0.42993164],0.43689215923777347
