text,label,raw_outputs,probability
謝謝分享,2,[-3.03320312 -1.12890625  4.06640625],0.9936723823967926
