text,label,raw_outputs,probability
45以上我應該就會分批出自己是抓11X 大概就是49左右,2,[-1.90136719 -1.59570312  3.8671875 ],0.99268830676387
