text,label,raw_outputs,probability
我抽中，希望能賺二萬,1,[-3.19726562  1.12011719  0.90234375],0.550163227147333
我只看到忘記在Q1Q4... 為什麼要忘記。難道旺季不好Q3合併業外還不錯 但法人不領情...,1,[-1.27636719  1.28125    -1.765625  ],0.8888918002698959
