text,label,raw_outputs,probability
不要問有沒有行情 使用者付費  付費不是最大,2,[-2.67578125 -1.50976562  4.50390625],0.9968032524682169
會上2000~,1,[-2.72460938  3.06640625 -2.43554688],0.9929168536232377
現在買這價錢很尷尬 確認重新築底再說吧,1,[-0.26733398  1.01269531 -1.19335938],0.720376257977135
我只買最強的  最強的我買最多,1,[-2.71484375  3.17382812 -2.36132812],0.993328560908566
