text,label,raw_outputs,probability
妳知道1526日馳比這檔還猛嗎？,1,[-2.62695312  2.44921875 -1.7109375 ],0.9786182820222167
