text,label,raw_outputs,probability
先補血,2,[-2.27734375 -1.07910156  3.16796875],0.9817178842611023
