text,label,raw_outputs,probability
先推,2,[-2.51757812 -1.41015625  4.4921875 ],0.996377121004151
