text,label,raw_outputs,probability
現在回頭看這篇，覺得seven姐蠻神的，2020中國真的,2,[-2.06445312 -0.95068359  2.85351562],0.9712594600293158
