text,label,raw_outputs,probability
自殺潮出現了？,0,[ 4.359375   -2.04101562 -0.92871094],0.9933324268391499
