text,label,raw_outputs,probability
感謝推 請問XQ如何設定分割畫面可以同時觀察個股日.週K?,2,[-2.43945312 -1.61328125  4.34765625],0.996307961879214
東隆興,0,[ 1.21972656 -0.2668457  -0.41040039],0.7032095607129965
