text,label,raw_outputs,probability
推！,2,[-2.93164062 -1.328125    4.27734375],0.9956018249344594
感謝推,2,[-2.99023438 -1.265625    4.23046875],0.9951892010045228
老大，請問均線糾結、布林帶壓縮、MACD零軸起飛、混沌理論要讀哪一本書呢,2,[-2.47070312 -1.3359375   3.93554688],0.9932585692303907
看不到圖QQ,2,[-1.51074219 -1.31542969  2.04101562],0.9402621878441676
感謝推,2,[-2.99023438 -1.265625    4.23046875],0.9951892010045228
講的好像被害者...真狼狽QQ 珍重 再見8888都說3月起不會在股版理你了 愛挑釁 呵呵呵,2,[-0.59033203 -1.22949219  2.52734375],0.9366650974561507
