text,label,raw_outputs,probability
定存股就是一直買、不要看,1,[-2.75585938  3.38867188 -2.5078125 ],0.995129563411847
