text,label,raw_outputs,probability
我從不唬爛~~看多作多單~~看空作空單~~,1,[-1.09179688  1.35253906 -1.49023438],0.873326142406533
偶也要來做多了，等漂亮的回檔點,1,[-2.16015625  3.0234375  -2.671875  ],0.9911102332407897
看多做多看空做空 勝率多少,2,[-2.609375   -0.87109375  2.93359375],0.9744869175699147
0不對，會賠到負的,2,[ 0.66455078 -1.46875     1.86621094],0.7483290328709643
