text,label,raw_outputs,probability
分身,2,[ 0.86181641 -2.5703125   2.15429688],0.7791420504438122
這到底要不要水桶一下,2,[-1.36425781 -1.66796875  3.70703125],0.9892123958141527
這分身還沒被捅嗎？,2,[-1.16015625 -1.59179688  3.31445312],0.9815518706325715
為啥他能活這麼久？,2,[-1.91015625 -1.63476562  4.234375  ],0.9950541020010396
匯損虧太多崩潰了？,0,[ 5.1328125  -2.40234375 -1.29101562],0.9978482288271814
這傢伙很煩耶...,2,[-1.91601562 -1.59082031  4.08203125],0.9941132137644881
那你自己加碼了嗎？ 昨天才在說要平倉 嘖嘖,1,[-1.58789062  1.90429688 -2.08398438],0.9533199613936014
道瓊工業指數多軍總司令,2,[-2.20898438 -0.44213867  2.078125  ],0.9139239106976949
