text,label,raw_outputs,probability
腿,2,[ 1.08105469 -1.81445312  1.29199219],0.5392043457537243
推,2,[-2.74609375 -1.45410156  4.65625   ],0.997178391897375
推,2,[-2.74609375 -1.45410156  4.65625   ],0.997178391897375
推,2,[-2.74609375 -1.45410156  4.65625   ],0.997178391897375
海豚大佛心推,2,[-2.05859375 -1.51953125  3.6328125 ],0.990922484101178
推,2,[-2.74609375 -1.45410156  4.65625   ],0.997178391897375
