text,label,raw_outputs,probability
我覺得我認識你欸,2,[-2.65429688 -1.61035156  4.4375    ],0.9968153400903732
每年都是實力考驗,2,[-2.63671875 -1.34667969  4.5       ],0.9963286933563781
