text,label,raw_outputs,probability
妳知道1526日馳已經翻了好幾倍了嗎？上看100那1526日馳原po要跟我對作嗎1526知道是哪檔嗎？記得作多，上看100,1,[-3.30664062  2.67773438 -1.37597656],0.980511713968897
