text,label,raw_outputs,probability
推,2,[-2.74609375 -1.453125    4.65625   ],0.997176235320563
推啊！,2,[-2.89648438 -1.31933594  4.34765625],0.9958447390365452
這是怎樣　直接估市佔100% 然後不會有競爭藥物嗎?最後eps 有貢獻2塊就很高了,2,[-2.47265625 -0.90087891  3.23828125],0.9811176084977654
呵呵，不免還是做了夢。下半段可看作是市占64%的估價啦,2,[-1.73046875 -1.53222656  3.78320312],0.9911328850074901
強,1,[-2.73828125  3.77539062 -2.56640625],0.9967663314487681
認真的分析，但許多假設都太過樂觀別忘了還有其他產品的研發投入成本，會稀釋掉獲利我還是認為，除非中裕有成為國際一流大藥廠的雄心未來被定位成感染藥物為主的國際大藥廠收購機會高比起自行建置生產、行銷、流通等的成本，併入大藥廠的投報率及風險較小,2,[-2.06445312  0.4855957   1.2265625 ],0.6605591810237673
怎麼都估差不多了，還在本夢幻想好幾倍，？,2,[-1.77441406 -1.13574219  2.92578125],0.9743585255902866
看推文就知道難怪台灣永遠代工仔﴿,2,[-1.16113281 -1.47363281  2.77929688],0.9674338871803048
記得不是有人說注射方式的便利性不是比不上口服的愛滋藥物嗎？應該也會對銷售有影響吧？個人的感覺是，能搶佔Fuzeon的市場占有率(看新聞說,2,[-2.45507812 -1.57226562  4.65625   ],0.9972195641324259
