text,label,raw_outputs,probability
長知識了！,2,[-3.1015625  -0.89648438  4.24609375],0.9935550986797227
放下面子賺錢，是成長。用錢賺回面子，是成功。用面子賺錢，那成了人物。繼續在ptt釣魚賺錢，是人渣。,2,[-1.75292969 -1.31542969  3.58398438],0.9878868857488594
過了幾個月，我還是買了一張38.85，看看下場如何。,1,[-1.73632812  2.01367188 -2.21289062],0.963279546411892
今天公告天津廠復工  終於全線復工今日成交量1479張  當沖9張  群益金鼎收了948張占了64%的量 今晚美股崩 明天長興看會不會破季線,1,[ 0.96582031  1.88085938 -2.86132812],0.7096121415590111
有喔，這檔最近是不是靠融資異常的拉?!看不太懂C大有什麼看法，目前均價30左右，抱的是有點緊張,1,[-2.59375     1.93261719 -0.82958984],0.9311228441408343
