text,label,raw_outputs,probability
求2.8折站內+1,2,[-2.72265625 -1.55761719  4.50390625],0.996951459050129
2.8折站內信～謝謝！,2,[-2.86132812 -1.27441406  4.390625  ],0.9958435471064772
求2.8折，站內信，謝謝,2,[-2.796875  -1.4609375  4.515625 ],0.9968055559863214
好噴噴！,1,[-2.58984375  3.984375   -3.0078125 ],0.9976904165432641
狗哥995，還沒上車啊,1,[ 0.52587891  2.23632812 -2.69140625],0.8417313877321267
