text,label,raw_outputs,probability
籌碼 大戶增 散戶跌，總持股人大減，尾盤應該是大戶進場拉，沒意外下周會表態了,1,[-1.43261719  2.36328125 -2.85742188],0.9728892314502134
我用電腦的資料計算，下週大盤跌，這隻噴,1,[-1.52734375  2.16796875 -2.02148438],0.9615437682344783
推3F，我笑爛,2,[-0.03860474 -1.79101562  2.77734375],0.934384795491457
低調,1,[-2.59375     2.93554688 -1.79003906],0.9873283354939856
低調什麼 好好笑,2,[-1.61816406 -0.89599609  2.5546875 ],0.9549892531557738
保羅已經兩天沒PO文了 真擔心,2,[-0.23730469 -1.75195312  2.47070312],0.9247877984258773
等航運跌了這咖就會回來了,0,[ 3.38476562 -0.70556641 -1.43652344],0.9758096097328797
看膩了...,2,[-2.13085938 -1.51855469  4.1875    ],0.9948975021603232
馬英九時期，只有二期的H1N1國產疫苗我也照打，被,2,[-2.51367188 -1.68164062  4.6640625 ],0.9974886584241357
