text,label,raw_outputs,probability
看來老人都一個樣  和學經歷無關,2,[-2.53125   -1.6640625  4.7109375],0.9975864750443456
獅子座都這樣 無一例外 全世界都是,2,[-1.84570312 -1.515625    4.2265625 ],0.9945165474965758
幫他還完然後給基本生活費就好 你給太多了,2,[-1.99316406 -1.25292969  3.3125    ],0.9848638168000592
只能想你上輩子就欠他這麼多，比其他人幸運的是你game只會無腦噓，7月底這禮拜，外資與投信大幅加碼花壇小公司  我不敢重壓  市值太低存骨的觀念越來越多呢!,1,[-2.58203125  2.20898438 -1.64257812],0.9712976379318389
一堆嘴砲空，也沒見貼空單，不是要下市，空到下市,1,[-0.03393555  1.09277344 -1.46289062],0.7133996862021352
