text,label,raw_outputs,probability
大大你好，請問對於bulz這種股票有什麼看法？一樣也能使用定期定額嗎？,2,[-2.69140625 -1.57226562  4.46875   ],0.9968538549495851
n,2,[-2.9765625  -1.53515625  4.21875   ],0.9960948440762987
自己選的 爽不爽,2,[-2.57421875 -1.49804688  4.34765625],0.9961367031028721
al no,2,[-1.50488281 -1.14648438  3.01953125],0.9743217357450789
..,2,[-2.82421875 -1.56835938  4.49609375],0.997022905617938
