text,label,raw_outputs,probability
想請問版上的大大，有人知道，相同的黃金投資，一樣的漲跌，黃金存摺和黃金ETF會被扣較多的手續費用，付出較多的成本。,2,[-2.43554688 -1.53808594  4.3359375 ],0.9960580695085367
複委託的券商在國內 比較有保障國外 discount broker一堆 但都不歸台灣的主管機關管轄缺點是散戶的手續費會稍高一些有一好沒兩好...自己評估囉~,2,[-2.46875    -1.58691406  4.58203125],0.997048562446457
不論是獲利或是虧損，有無實現都要列入損益計算。,2,[-2.20898438 -1.60839844  4.0546875 ],0.9946527196824728
我以(股票現值+銀行餘額)-(存提款總額+利息)這樣計算.,2,[-2.20898438 -1.70410156  4.1015625 ],0.995195698504746
包含已實現及未實現損益  並以 2015/12/31 日結算後之總額為本年度起始總資本.,2,[-1.53027344 -1.51757812  3.43945312],0.9862138884356544
要把未實現的部分納入計算當然沒問題。可是，為了慶祝有未實現的獲利而去吃牛排，我是覺得早了一點。,2,[-2.21289062 -1.4765625   3.99609375],0.9938270025379244
吃不吃牛排跟有沒有獲利是兩碼子事，我還蠻常去吃的。,2,[-2.11328125 -1.55761719  3.89453125],0.9932986642430326
