text,label,raw_outputs,probability
悶！ 今天看來沒得鑽了啊⋯⋯,1,[-0.39819336  0.70556641 -1.20996094],0.6761846099170935
偷雞不著蝕把米,0,[ 1.83984375 -0.75732422  0.31445312],0.7739816551698403
不懂指數規則，不懂產品運作，千萬別碰這類型ETF。前面討論很多觀念及歷史走勢，除非你能預測到大漲的前一天進場。不然怎麼攤平都回不來。先為昨日八千張投資人祈福,2,[-0.73242188 -0.35327148  1.53320312],0.7965775860270943
謝謝你善意的提醒會買這個就是賭的心態賭甚麼呢賭今晚美股下跌投資人產生恐慌這只是用小部份資金玩玩不過您說的是對的所以我來回文,2,[ 0.23388672 -0.27856445  1.4296875 ],0.6740161919975816
你的我都沒買過。。15151515,2,[-1.07324219 -1.265625    2.33789062],0.9431901276031233
距離上次中籤目前已申購110次還未中籤,2,[-1.79882812 -1.25585938  3.484375  ],0.9863754489273855
宅叔也是抽到現在一次也沒中過，就看王道跟玉山了 不過應該也是捐手續費的機會大,2,[-2.203125   -1.48046875  4.46484375],0.9961260043351623
財訊新聞 2017/03/07 11:25【財訊快報／編輯部】宏和(1446)轉型切入營建產業，紡織業務計畫逐年縮小產能規模。該公司板橋建案即將銷售，該案係於2006年以6.44億元標下，位於新北板橋民族路、區運路及館前東路之間，臨近府中捷運站以及新板特區的國光客運站，預計興建兩棟商業大樓，採先建後售銷售模式，總銷坪數約8000～9000坪，法人預估總銷售金額應可超過60億元，扣除掉土地、建造成本與相關銷售費用之後，仍可望貢獻宏和每股稅前獲利30～40元。 宏和的大樓還是沒動靜，但是股價已經走了一波。板橋房價下修，應該還是有賺才對。,1,[-2.40429688  2.80078125 -2.49023438],0.9895843633776924
