text,label,raw_outputs,probability
請問有人知道股票質借和信貸的差别嗎？,2,[-2.6875     -1.56054688  4.46484375],0.9968105709002903
一個有股票質押作擔保，信貸則沒有擔保品。一般情形下，信貸之利率較高。例外：郭台銘之信貸利率，可能低於一般人股票質借利率。,2,[-2.23632812 -1.53515625  4.1875    ],0.9951303850053509
請問某檔股票利息拿6萬，要扣多少稅。實拿多少錢,2,[-2.41210938 -1.57519531  4.2421875 ],0.9957542473979009
盤很久了，如果我能買 反 1 現在一張還賺不到 1000 有超過 500  星期一應該就會超過了,1,[-1.87695312  1.81835938 -1.67480469],0.9476479400265543
"這支股票屬於玻纖布概念PCB上游營收因該都算逐年逐月上升有漲價及拉貨強勁題材可請問大大對於此股後市看法我看多，但是想聽大大們建議<img src=""//download.mobile01.com/mobile/attach/201703/mobile01-18664b0c02aef4cfc5c9db054f8b5cee.jpg"" />",1,[-2.60351562  2.00195312 -1.26757812],0.9541791151282095
至今也還小虧 股價也漲一倍多.技術指標翻空 基本面不算好 所以我偏保守.,1,[-0.828125    1.47363281 -1.91210938],0.8818845538301677
