text,label,raw_outputs,probability
週五晚上馬上下跌很少看過 他連續上漲兩天以上,0,[ 1.5390625   0.99121094 -1.94628906],0.6215682953773264
我也有在追蹤這檔推一下禮拜一見真,2,[-2.66015625 -1.15625     3.734375  ],0.9908962478773354
大家好如果大家手上有100萬，會去還房貸嗎？還是拿去買定存型股票配股息呢？誠心請教感謝大家,2,[-2.14453125 -1.52832031  4.13671875],0.9946922498164895
我老婆會拿去還房貸 我會拿去買股票然後股票跌的時候就會念 不先還房貸 好了吧 跌了 高興了吧就算每年領7%股息也是一樣因為房貸是債 有債 奇檬子就是不一樣,0,[ 1.46972656 -1.64648438  1.16113281],0.5621755184511232
留6個月~1年的生活費當預備金，其餘還貸款。當大盤跌的時候，定存型股票照樣會跌。(覆巢之下無完卵)全球股市好了9年，還能好多久？你知道嗎？我是不知道啦。這兩年，小心總是沒錯。寧可不賺，不要賠。,0,[ 1.84277344  0.62890625 -1.85449219],0.7565226185251996
欠人家錢總是渾身不蘇胡,2,[ 1.07714844 -1.70507812  1.59179688],0.6117295602747208
我會買股票，但如果你沒買過股票還是還錢好了...要是發生事情，你可能會承受不住,0,[ 1.14648438 -0.85791016  0.9140625 ],0.5188461733785815
