text,label,raw_outputs,probability
信義 106年4月營收60.59億，累計營收78.04億、年增253.30%。明天開盤會怎麼反應？真的好值得期待。,1,[-2.62304688  3.26367188 -2.5546875 ],0.9942843083125475
