text,label,raw_outputs,probability
投資報酬率比定存還慘...不過本金的部分暴衝也太快了吧~ 簡直像火箭一樣..,0,[ 2.64257812 -0.14111328 -1.51660156],0.9281342956216361
如果你把5000萬，找一些殖利率5%左右的好股票，存股領息，年股息也有250萬喔！,1,[-2.79882812  1.68652344 -0.43994141],0.8845400423521533
樓主的意思是做股票的大家真的賺的比較多？還是專注本業比較多？,2,[-2.44335938 -1.45898438  4.3515625 ],0.9959016290435041
樓主應該是愈來愈短線交易，所以總成交量變高。假設樓主原有資金100多萬，2016年來回買進賣出共66次，成交金額當然可觀。,2,[-2.53320312  0.60058594  1.328125  ],0.6648333065510948
那個是買入的交易量，不是資本如果是資本的話，光躺著領台積電的股利都比他在股市衝來衝去賺得多,1,[-3.12890625  2.46679688 -1.33789062],0.9746779246219487
打電話問營業員最快也最準…,2,[-2.56054688 -1.55371094  4.02734375],0.9948808108153885
說的是 謝謝,2,[-2.88085938 -1.4609375   4.2890625 ],0.9960633944757689
