text,label,raw_outputs,probability
樓主   你買了嗎 ?上星期5   突然大脹 今天長時間下跌 1 元   PM 1:10 　突然漲了 0.6~7但尾盤又倒跌了 0.65請問是怎麼回事 ?& 樓主大大最近有想買那支股嗎 ?,0,[ 2.25195312 -0.57421875  0.08831787],0.8516829552833113
爽了，只有台股沒照我的劇本走，其他的都非常配合，很好很好，今天再加碼空日股,1,[-1.44140625  1.43554688 -1.19726562],0.8863817399063599
有圖有真相貼張圖上來阿不要貼改過的,2,[-2.69140625 -1.453125    4.42578125],0.9964040888886533
