text,label,raw_outputs,probability
真的是非常棒的資料我想買進國泰中國A50長抱感覺現在陸股位階就在台股當初的5000點吧買進後長抱是不是有機會來個10年後翻2倍3倍之類的只是說0050每年有配息但國泰中國A50沒有配息  這個有差,1,[-1.91503906  2.0078125  -2.01757812],0.9637244064144007
00636沒有配息？那是賺價差囉？我也想長期抱著他,1,[-1.84375     1.52929688 -1.24316406],0.9117490696242947
布哥哥您的資料感覺好厲害謝謝您的分享,2,[-2.77929688 -1.44824219  4.48828125],0.9966721158673544
進來看看。,1,[-3.20507812  2.20507812 -0.70117188],0.9441521369370519
且讓大家拭目以待。,2,[-1.8046875  -1.09863281  3.5234375 ],0.9855269649543267
要發動了沒，要發動了沒，,1,[-2.57617188  2.45703125 -1.07910156],0.9655830999843287
也很常... 默默往下繼續套   套到天荒地老,0,[ 5.296875   -2.61132812 -1.47460938],0.9984885808157032
現階段股市熱絡，整體經濟持續發展，股價我是正面看待的，不過不論漲跌我都不賣，只想領股利。唉，我記得元大金老板以前很大方，近幾年怎這麼小氣。,1,[-2.7578125   2.55273438 -1.91210938],0.9838203673323346
