text,label,raw_outputs,probability
16.45元了,1,[-2.61132812  1.23242188 -0.08325195],0.7753701321011259
查查應該會有交換比例，大約看市價多少去換。,2,[-2.55664062 -1.58496094  4.47265625],0.9967848463791456
看樣子是以每股50元收購，然後下市，最後交易日約45元。,0,[ 2.87304688 -1.41015625 -0.06695557],0.9375023499799225
如果我手上有瑞傳，那我星期一會掛漲停價賣出，因為離50也只剩0.5，等收購也要一段時間，不如套現去買別的,0,[ 2.63476562 -0.71435547 -0.58056641],0.9300100420119966
瑞傳今年不是還有2.96元的現金股利要配，現在真的會配嗎？最好配完後再用50元賣給振樺電。,0,[ 2.22460938 -0.0453186  -0.90625   ],0.8718396845437629
我比較關心的是振華電的股價會如何？？,2,[-1.5703125  -1.84667969  3.76953125],0.991635533178924
這位大大說到重點了，我就是看到瑞傳說今年配2塊多所以買了5張，忽然公司就被買走了，第一次遇到這種情形。,1,[-1.03125     0.57910156 -0.36181641],0.6288964975874742
這位大大的意思是星期一瑞傳的股票還可以買賣嗎？但不是被收購了嗎？抱歉這是我第一次遇到這種情形。,2,[-1.36425781 -1.63867188  3.50585938],0.9866762463948578
謝謝這位大大的資訊。,2,[-3.00585938 -1.32324219  4.24609375],0.9954985542855527
