text,label,raw_outputs,probability
1.如果時常擔心或晚上睡不著覺100%一定要全砍 2.要訓練跟著大方向資金操作勝率較高，不要短線交易手續費很貴3.努力提升自己專業提高收入，資金配置(EX:現金60~70%定存股20~30%投機5~10%)保有高比例現金你就比別人更有機會，加油吧,2,[-0.92236328 -0.2722168   1.58789062],0.8084704967617682
華邦電也跌太多了吧均線全都往下拉高出貨看樣子還會再向下殺幾天,0,[ 5.24609375 -2.51367188 -1.44238281],0.9983310552099255
這位大大說的沒錯 但重要的是增資22元 老股賣了換新股 個人認為會往22元靠..,1,[-0.59570312  0.4621582  -0.79980469],0.6133857895365287
我年初才做ETF質押誒，利率2起算也不用還本金使用還蠻方便的,2,[-2.23046875 -0.72265625  2.12304688],0.9337461169314114
除了ETF外 特別股也能承作利率也比銀行優惠許多有需要可私訊,2,[-2.12304688 -1.41308594  3.40234375],0.9880563244914441
宏盛我最近已經出了 轉進宏璟 21.8進 25.8出 106年8月到106 12月 最後一段就算了營建股還是要看外資來推以宏盛為例 捷4及 淡海4.3萬坪土地題材 那時投資客很多 一片大好101年 8 股價 14.1元 外資張數 3.9萬 推到 102年7月 股價30.3元 張數7.3萬張104年8月 股價打到13.1元 外資張數 4.7萬 106年12月股價26.2元 張數又來到7.7萬張我101年8月20 14.7切入 19 24 29 跑來跑去 沒賺足 洗的很厲害營建股題材夠 外資控盤 散戶做對就抱 不要預測高點 抱到外資減碼 當然捷4近200億不好賣改為出租 淡海新世界是預售 一期完售交屋入帳 2期售7成 106 12月 107 1月是入帳高峰 外資其實應也在找賣點 萬般拉抬只為出,1,[-1.69628906  2.71484375 -2.89648438],0.9844480569765016
非常感謝你的經驗談雖然我是宏璟老鳥  但算營建股菜鳥,2,[-1.82226562 -1.77832031  4.3046875 ],0.9955553159828232
