text,label,raw_outputs,probability
我知道元大金持股不會變，重點是那時問的是交叉持股的部份，答案是註銷,2,[-1.89160156 -1.13085938  2.79101562],0.9717618746165817
如果你知道利多一直放實際內情良率很低生產上很多問題，一堆亂搞作法的話此番皆為人為炒作應該買不下手,2,[-2.14257812 -0.73339844  2.58203125],0.9567614442379859
我不記得申報所得的時候，從業人員是我的扶養人口。手續費,2,[-2.48828125 -1.69433594  4.734375  ],0.9976610914454531
請問各位股市先進大大 假若一檔股票先後不久相繼出現股票解質+融資現償那這種現象對於該個股要如何去解讀?感謝賜答,2,[-1.95019531 -1.15429688  3.33984375],0.9840429148762365
不解讀是最好的解讀。想太多！,2,[-2.73632812 -1.40429688  4.45703125],0.9964138869996643
沒想到今天飛宏還能小賺，不貪心先獲利出場，如果明天續漲留些給大家賺。看到今天的期貨錯單，記得曾經有買股不小心下錯單還賺錢的經驗過呢！,1,[-2.42382812  2.63085938 -2.25390625],0.9862514033123403
