text,label,raw_outputs,probability
不良示範務不要跟單你是這個吧元大-四維或元大-北成功,2,[-2.22070312 -1.67480469  4.4765625 ],0.9966464350634902
就我所知至少有6家KY股算是老美公司 而且是先扣30%請問哪一家的6家？？謝謝,2,[-2.33984375 -1.71875     4.39453125],0.9966089435282087
看看就算了 不付查證之責任!IET 科納 安瑞 環宇 勝悅 客思達,2,[ 0.73583984 -1.85253906  1.97363281],0.7623017481581177
請問四維航1000股台南地區哪裡領紀念品不用手續費謝謝,2,[-2.2890625 -1.625      4.2890625],0.9959250284047892
00637L就不是連結上證指數 它連結A50 而上證從今年初至今已嚴重落後A50指數12%以上(上證僅漲1.17% A50漲13.46%) 所以你才會覺得00637L還這麼貴,0,[ 1.171875    0.5859375  -0.16711426],0.5498450237834518
