text,label,raw_outputs,probability
看了新聞 代理bmw的汎德股票明年會上市 以bmw高毛利且每年都銷售成長的態勢 且以他們公司一年賺兩個股本以上來看 股價少說400元跑不掉吧 搞不好還有機會上看500以上 畢竟這是一家似乎躺著都會賺大錢的公司啊只是大概又會變成有錢人的專利持股了.,1,[-2.62890625  2.53125    -1.97363281],0.9834817472033944
你是看好BMW的產品還是你看好它的代理權?,2,[-2.38476562 -1.35546875  3.703125  ],0.9914490672852311
持續穩站萬點，為何遠東銀都不漲，我買11元啊～,1,[-1.98730469  2.94921875 -2.75390625],0.989594374867835
新手+1一起續抱 雖然我買的跟你不同,1,[-3.21679688  1.44628906  0.56689453],0.7020147864847808
如果有研究過說真的體質好的股票不怕總是會漲再不濟放著明年領股利一起衝一起漲,1,[-3.03515625  3.4375     -2.35546875],0.9954269753108955
