text,label,raw_outputs,probability
紅色供應鍊就是一片紅海,2,[-2.30859375  0.47143555  0.92236328],0.5964606494411289
但是就是有許多無知的人愛幻想 沒有前景的慘業,0,[ 2.72070312 -2.00390625  0.4465332 ],0.8994775764696175
16%是實現的損益嗎？沒實現之前都是假的...,2,[-2.15234375 -1.65917969  4.2265625 ],0.9955441820830846
2017年大家都發財，gogogogo~~~~,1,[-2.7109375  3.859375  -2.828125 ],0.9973592378021537
沒錯，但是外資就是指數拉上去了，要找交替的如果你買ETF，恭喜剛好當交替你要嗎？,1,[-2.25976562  2.15820312 -1.6796875 ],0.9674944233293644
