text,label,raw_outputs,probability
過去15年，人民幣對台幣的走勢：附帶一提，人民幣對台幣的貶勢，可能要告一段落了，未來將回到升值的軌道。信義9940有大半的資產，是投資在中國大陸，屆時應可把先前的匯損沖回，甚至倒賺。這點，大家可以參考一下喔!,1,[ 0.57519531  1.61621094 -2.25390625],0.7278275637186321
回到44之後往下跌了還好出清了部分剩下2張觀望中...該續抱嗎?,0,[ 4.140625   -1.43945312 -1.25097656],0.9917418216892769
之前買有漲一些就賣，小賺7萬，但是今天又覺得46元可以小金額進場，買52萬正2，但看來明天要負4%，等小反彈就要賣，比較安全，不要貪,1,[-0.61230469  1.53125    -1.85058594],0.8686419172346831
這隻一年頂多做兩躺，每躺賺2.5-3元就跑，要有耐心等低點上躺賣19 這回回到上躺買進價，也忍著沒進，看來低點還有更低,0,[ 2.8671875  -0.60986328 -0.93164062],0.9494012737445064
一直賠錢的不如去買黃金定期定額還比較賺,1,[-1.98046875  2.08203125 -1.890625  ],0.9652236506071026
