text,label,raw_outputs,probability
危機股華上6289LED慘業爛個四年漸漸開始復甦有越陪越少的趨勢 月營收的年增長率也一直往上爬有點想買個150張拚轉機但流速動比接不到50%..,1,[-1.25097656  2.53320312 -3.0859375 ],0.9743215071009774
我28歲時就已經自己開公司創業有成了  光是繳給政府的股利所得稅那一塊就早已超過7位數了  股票股利更是達8位數 現在整個事業都穩健成長  30幾歲就已經開始享受愜意人生囉,1,[-3.08984375  1.72167969 -0.55615234],0.900380422112225
換營業員！不屬於你的營業員，沒辦法看到你的交易資料！不過營業員的主管看得到！,2,[-2.55078125 -1.6328125   4.63671875],0.9973579066744815
道瓊近兩萬點處走法都不太自然破低有人拉 臨高有人殺或許等川普1/20上任後才能有個結果,2,[-0.28735352  0.15661621  0.80273438],0.5375583539495019
本來就不是講給他聽的，就是一種答客問的方式吧，也順便整理一下心得。,2,[-2.63867188 -1.4765625   4.58203125],0.9969404157852011
心得在哪我都沒看見,2,[-2.64648438 -1.51367188  4.5625    ],0.9969723334926982
