text,label,raw_outputs,probability
12進18買爽賺一迫,1,[-2.703125    3.86132812 -2.84375   ],0.997372649520313
