text,label,raw_outputs,probability
這篇真的滿冷的 今來到15.45小弟來推文一下!!!!!,0,[ 1.375      -0.79833984  1.08398438],0.5372586407293681
合庫金版面冷沒關係 只要日成交量都超過1萬張 就很熱了.,2,[-2.59375     0.578125    1.17089844],0.634530738484952
加油!,2,[-2.8671875  -1.33496094  4.23046875],0.9953665919981773
現在15塊??除權越除越低,2,[-1.37597656 -1.49511719  3.58203125],0.986909062225581
越除越低也不錯呀不說太多，免得這兒太多人哈哈哈,1,[-1.91308594  0.79785156  0.5546875 ],0.5403602318327354
全銓 106年01月01日至106年03月31日綜合損益表，每股盈餘24.47元利多卻跌停.............,0,[ 5.01171875 -2.34960938 -1.14648438],0.997256143256315
因為是有1百萬的閒錢.擺銀行定存 利率也無吸引力..如果是買定存股票..投資報酬率有希望有3-5%中華電或中鋼..可買嗎?有無網友願意分析一下..,2,[-1.26953125 -0.28173828  1.421875  ],0.8001215051117948
參考一下版內有許多定存股文章選擇你認識信賴的上市定存股這樣比銀行好很多吧,2,[-2.27734375 -1.24609375  3.19335938],0.9842416384578232
當然是不要中鋼阿。如果真的要買20以下進場吧。請選擇中華電信。要不然就是金融股，會配股配息，多年後的複利比較大。美金最近漲很大...,1,[-2.27929688  2.45117188 -2.24414062],0.9823565368076026
