text,label,raw_outputs,probability
美元指數再次破百趁歐股休市，美股拉逃命,0,[ 2.49023438  0.24121094 -1.60253906],0.8911106642745198
合庫爆內鬼　涉幫房仲詐貸上億炒房會看到14塊多？,2,[-0.43017578 -1.0703125   2.40429688],0.9176640355978155
小意思吧...,2,[-2.49414062 -1.45507812  4.42578125],0.9962339451298855
金額不大 只是怕像永豐金一樣內部控管不佳 這個問題比較大,2,[-1.578125   -1.65722656  4.00390625],0.9928086063814807
兆豐金出那麼大的亂子，股價目前依然硬挺挺，合庫這個小case,1,[-2.42578125  3.42773438 -2.75976562],0.9950993842871204
小毛病很快被發現 就擔心一挖下去臭不可聞,2,[-2.13476562 -1.30761719  4.1953125 ],0.9941773907869829
股票質押申請程序簡便，利率也較信貸優惠。,2,[-2.57421875 -1.13378906  3.5546875 ],0.9887483844410693
如題，請問69歲有中風.高血壓.血脂.糖尿病.....如何投保意外險?可投保以下:機車強制險附加傷害險.居家火險附加傷害險.旅平險.富邦一年期全家保。（居家意外）2010+富邦一年期全新守護（特定意外）,2,[-2.42382812 -0.99365234  3.06640625],0.9790724389327106
