text,label,raw_outputs,probability
這檔股票好像還不錯.....應該可以長期持有吧!!!,1,[-2.93945312  2.84375    -2.08398438],0.9897837176455268
等就對了~還不是時候,2,[-2.52148438  0.51123047  1.50195312],0.7198389512731046
如題 有股本大於一百億 股價一樣也超過一百元的股票嗎???台G 紅海 那種 大型權值股 不算 求解???,2,[-1.86523438 -1.36132812  3.3046875 ],0.9851297621736145
蠻多的勒?聯發科 台達電 台哥大這些都符合你的要求剩下的可以試著自己去找看看吧,2,[-1.89746094 -1.53710938  4.00390625],0.9933857959509188
鄉林一直配股，沒配息，股本一直朋漲，幾十年沒拿到錢，您卻定要嗎？,1,[-2.45507812  2.29492188 -1.74511719],0.9744228802901639
聽說是土城日月光的建案準備要開賣了。有興趣的買家可以打去預約看屋,0,[ 2.9296875  -2.09179688  0.30371094],0.9268151707538576
