text,label,raw_outputs,probability
不是只有指數下殺時 才會恐慌指數拉得太高 也會讓持有空頭部位的人恐慌!但...通常都是故意拉高選擇權價格 獲取暴利出場的比較多!美股如此 台股也是!不熟悉的商品不要馬上跳進去,1,[-0.64306641  1.01855469 -1.23632812],0.7723696611056446
真心提出看法 對於台灣股市你可能不知道財報是可以做的 如果你有很多錢想投入低於淨值一直長期虧損的公司股票 而且可以接受資產全部歸零 那你可以拚拚看 每次的暴利伴隨的是破產的風險 千百次的投資只要一次就好 如果你能接受兩袖清風 可以一直賭暴利低價股,2,[ 0.84716797 -0.77832031  1.31054688],0.5704566676410139
若是賠錢的股票大家追著買那我們也來集資開一間,1,[-1.49414062  0.22705078  0.10137939],0.4852584454978513
拉板凳觀察一下 BTW技術層面走多 似乎可以做做看而且籌碼乾淨（幾乎沒法人 股價是公司派拉抬？）感謝分享,1,[-2.72070312  2.3828125  -1.70214844],0.9776134852808636
不是每一隻雞蛋水餃股都可以像 2337 一樣有機會翻身的..,0,[ 1.43261719  0.68603516 -1.40625   ],0.6525388788862165
這兩天來研究看看⋯⋯⋯,2,[-2.109375   -1.22558594  3.65039062],0.989335466316416
看起來 我不敢玩真的 我真的不敢玩這種股票,2,[ 0.39135742 -1.93847656  2.26171875],0.855387627921771
