text,label,raw_outputs,probability
這隻蠻有趣的!105年賺三塊多，配五塊，剩下二塊要從哪裡來?月線在今年以前，成交量只有百張好幾年!再看了一下這隻官網，更是有趣!租房子的公司!,2,[-1.08984375  0.08776855  1.07617188],0.6725836519645867
台積電破200了，鴻海也破100了...,1,[-2.68945312  2.63476562 -1.82128906],0.9837869680094876
請問各位大大:在哪裡可以查的到各家廠商所發的股東紀念品?想知道手中股票的廠商是否有用心.及參考哪幾家的廠商比較大方.,2,[-2.31835938 -1.65722656  4.51171875],0.9968358273255684
下載股東會紀念品app，就可以查到了。或是去這網站「零股塔」,2,[-1.73339844 -1.69140625  4.0390625 ],0.9936825193509743
