text,label,raw_outputs,probability
去年7月7日買了10種股票其中遠百 跟太子 前幾天還是賠錢狀態為什麼一過完年 成本就降低 賠錢反賺錢@@是因為除權息嗎? 我沒啥研究!?還是因為系統錯誤阿我受寵若驚= =有高手能解釋一下其中玄機嗎?,2,[-0.82910156 -1.48730469  3.01953125],0.9686710802573492
運氣也是實力的一種@@,2,[-2.41601562 -1.36425781  4.546875  ],0.9963578405352358
還沒獲利了結都還不算贏，只是帳面上數字的變化 xD,2,[-1.19238281 -1.52050781  3.11132812],0.9772733454849686
因為是多頭想要賠錢也是不簡單 ~,1,[-1.19433594  1.16601562 -1.15820312],0.8387524418198236
系統錯誤沒有錯趕快把股票賣了吧,2,[ 0.34033203 -1.96972656  2.40429688],0.8775393205625847
"我是想問為什麼 我遠百的成本原本是16塊多怎突然變14塊多啦!!我百思不解...大家離題了..誰能解釋一下~""~",2,[-0.90966797 -1.4765625   3.        ],0.9695375236329308
