text,label,raw_outputs,probability
照健保局的算法，5000股，票面價值 10元，所以約當現金50000。50000 * 2%=1000元，所以股息部份就要扣繳 1000元。,2,[-2.24609375 -1.68164062  4.34375   ],0.9962234542940279
為什麼大盤都上萬點了，他就是不會漲？,1,[-0.65087891  0.86083984 -1.        ],0.7267058651926669
公司不錯啊~只是週期沒完全對應上而已吧假若樓主不是底部買上來的...他漲一段了漲幅約43%超過大盤啦!!,1,[-2.75        2.25195312 -1.46582031],0.9699200760551987
