text,label,raw_outputs,probability
四月put 出場留遠月富邦vix 續抱不加碼,1,[-2.10742188  2.859375   -2.640625  ],0.9890686208323912
看來有錢人的習慣 都是好習慣科科,2,[-2.53515625 -1.578125    4.63671875],0.9972402270692278
操作的好習慣才會讓你變有錢而不是有錢人的好習慣,2,[-2.54492188 -1.50488281  4.5546875 ],0.9968491279168247
華邦電去年底股價還在個位數，現在漲成這樣是什麼原因？,1,[-2.43359375  2.3203125  -2.08203125],0.9795599495981956
兩個可能一個就是有實質的利多加上可靠的內線一個就是炒股票然後到時候就跌下來了結論漲上去的股票別追吧,2,[ 0.20861816 -0.3293457   1.453125  ],0.6866693672992747
嗯！沒有要追，只是不明白為何會突然漲成這樣（這支可是在個位數盤了好多年😄）,1,[-1.42480469  1.65039062 -2.03320312],0.9334339323555609
