text,label,raw_outputs,probability
最近外資一直少量進...散戶也降低持有...只是不知道趨勢是不是繼續往上..,1,[-2.6796875   3.23828125 -2.62890625],0.9945088355026903
假設我是22k青貧族名下有30張第一金股票聽說這樣可以申請退稅要去哪退稅呢退到的帳戶是哪裡呢,2,[-2.4765625  -1.65722656  4.4375    ],0.9967620789786277
你聽誰說的就去問他不就解決了,2,[-2.3984375  -1.19335938  4.0546875 ],0.9932130097830185
你有收到股利憑單嗎?上面有寫可扣抵稅額嗎?,2,[-2.4765625  -1.69335938  4.328125  ],0.9964778173468131
如果你是繳5%稅要補稅1823(抵扣率太低)外加健保稅 808玉山金就有可能退,2,[-1.19140625 -1.53515625  3.48242188],0.9842936253158864
@@22k已經夠窮了還要再補稅給財團哦早知道人生第一支股票就不要買第一金果然補稅第一,2,[ 1.00683594 -1.21679688  1.34472656],0.5585155766996731
現在國稅局都電腦連線了如果股利所得有繳扣抵稅額 都會把你算好好的了報稅軟体去調出所得資料自然看的一清二楚,2,[-2.2578125  -1.67675781  4.44140625],0.9965773847001871
