text,label,raw_outputs,probability
小弟上櫃後買了這檔股票，看他這幾年的獲利還不錯才買的不過都沒什麼量出來大大們有什麼看法，續抱還是脫手,0,[ 2.23046875 -0.66455078 -0.28735352],0.8803336403829618
3289 宜特 股票申購值得去抽籤嗎？有無潛力或隱憂呢？,2,[-2.33203125 -1.40722656  3.484375  ],0.9896211745012954
"等你抽中了再來擔心好嗎....等你看到...""""未中籤""""...一切都白擔心的~~乖~~~",2,[-1.69335938 -1.42285156  3.76953125],0.9902950847616251
