text,label,raw_outputs,probability
要學！然後，把它忘記，如張無忌。,2,[-2.5546875  -1.41992188  4.484375  ],0.9964082994776732
3.4.5.6 樓 說的都是真理喔!學東西!最怕的事=就是學到假的!看東西!最糟的是=只看表面!綜合2點最怕的是=不知道真假!看不到裡面!你還是放棄吧!,2,[-1.59277344 -1.76171875  4.2578125 ],0.9947190158744563
推薦你一個人的方式無薪價裁員風這位大大的文去研究延究不錯，,2,[-2.53125    -1.36816406  4.4453125 ],0.9960947765257921
買ETF不用選股15151516151515,1,[-1.35253906  1.31542969 -1.59472656],0.8897903409749848
我不會特別分析....手上一堆股票做什麼的我都不知道什麼產業也沒特別看過我主要看2張圖第一張 那檔每年給你7~10%錢..多找幾10檔第二張 買在中間價 最好買在爛的時後..,2,[-1.06152344 -0.65429688  1.87207031],0.8824922557205557
用融資買進的股票，若遇到公司被併購，會怎樣嗎?,2,[-2.0625     -1.47167969  3.59179688],0.990269638308295
這隻感覺如果真的有單或許能走上一波？,1,[-2.38867188  0.86621094  0.35839844],0.6096089205751408
