text,label,raw_outputs,probability
這檔我存5年了，扣除權息後目前成本約12 張數約200。每年約可貢獻12～15萬額外收益。除非意外，我不會賣出股票，反而會持續購入，供大家参考囉!,1,[-2.8671875   2.49023438 -1.73535156],0.9810367471006584
看這幾年前的文，我當初不該存元大金的，現在被套得好慘。,0,[ 4.890625   -2.24414062 -1.05371094],0.9965940853211549
還好有忍住沒有碰，股價一直跌(86.8元)，也一直在尾盤下壓，融資有6203張，維持在高檔 外資最進也都站在賣方，應該有我們所不知道到的消息在反應股價。,0,[ 4.05859375 -1.62988281 -1.01464844],0.990445342324088
配現金3元，以昨收價計值利率8.45%。這家在2011年底宣佈認賠之後，股價平穩至今，毛利也逐步成長。這檔到目前為止不知道大家怎麼看?,1,[-1.83007812  2.83789062 -3.01757812],0.9878928602871754
如果找不到方向，那就衝個成交量大的股票，每天衝進殺出的可以殺出一條血路，我是認真的。如果只是看戲，也要買個門票，我有朋友專愛衝成交量大的，就找可以打平手續費，上下0.1元每個月退擁也可以有好幾萬甚至六位數收入。,2,[-0.61621094  0.28149414  0.45605469],0.4582829032143248
我近期買了 成本價１５８中線上看１８０元,1,[-2.52148438  3.30664062 -2.6484375 ],0.9944942487987705
