text,label,raw_outputs,probability
請問大大現在要出場還是續抱，我成本在13.07,2,[-2.01171875  0.19824219  1.34179688],0.7387459021389421
我有很多理由和方法可以留在場內非專業或沒有波動率商品操作經驗的人請避開看空美股有很多商品，不需要做最難的,2,[-2.22265625 -1.27929688  3.53125   ],0.9888127922130283
請問可以跟我分享一下你的理由嗎？感謝你~,2,[-2.74609375 -1.50683594  4.5546875 ],0.9970031496103671
別人的理由不重要看多看空都有理由操作重要在修正  不是看法如果沒有其他工具降低風險或逆轉勝就請評估風險承受度再交易,2,[-2.28515625 -1.30957031  3.64453125],0.9903797205021095
英鎊表態後，英國股市已轉弱，會壓抑德國法國，讓歐元被動走強，再來就等美股開盤。看看今天能不能一根長黑吞噬，美元正式破百，黃金上1300,1,[-1.03417969  2.07617188 -2.58984375],0.9487711359773127
趁此利空壓到15以下，小弟可持續進貨，將200張目標成本壓至15以內，對合庫有信心的一起加碼,1,[-1.3828125   2.515625   -2.80859375],0.9754710773675214
股市的定律是如果投資者都期待14塊多想要買進合庫金 那它就不會來.,0,[ 1.73242188 -0.74414062  0.50292969],0.7264946470312508
合庫金今天在股市觀測站公告:本案前經合庫銀行董事會稽核部專案查核完畢，相關案件已於105年7月前均轉銷呆帳，亦對相關人員進行懲處。預計可能損失:新台幣23 619千元。,2,[-0.11376953 -1.5         2.63085938],0.9256334848416823
2千多萬還好啦！合庫本夠大,2,[-2.30664062 -1.1796875   3.5703125 ],0.9886747223303074
