text,label,raw_outputs,probability
請問這裡有大大長期持有這張股票嗎？最近想買這張。不知道大家看法如何？,2,[-2.66015625 -0.31079102  2.109375  ],0.9112520571874193
穩定的配股比例，滿值得長期投資的,1,[-2.75390625  2.16992188 -0.96435547],0.9516536688871283
感謝大大回覆！,2,[-3.20703125 -0.89453125  3.95117188],0.9914334797975398
台企銀有分行在我們公司大樓的一樓，幾年前也有考慮買它們家的股票長期投資，之後比較完各家銀行的CP值後決定壓寶台新金，現在看起來當初的選則是對的,2,[-1.01660156 -0.08270264  0.81933594],0.638893695447228
我也買台企五年了，領了配息賠了股價,0,[ 3.4375     -1.23242188 -0.89941406],0.9780431063384779
大大一張買多少啊！,1,[-2.80078125  3.7265625  -2.65820312],0.9968599406902647
參考參考大陸資料，嘉定案剩99套未售，等第四季由市場來解讀了,0,[ 1.65332031 -1.703125    1.10253906],0.6205944789137344
各位好:全民和民間投資兩未上市股票如何買賣?,2,[-2.62109375 -1.71777344  4.49609375],0.9971953611421799
