text,label,raw_outputs,probability
是用股票抵押還是其他...如房子   汽車   薪資 ..等,2,[-2.37304688 -1.66210938  4.4921875 ],0.9968422310910241
看你是辦哪種貸款？車貸就要有車 房貸就要有房信貸就看你在銀行往來記錄 還有你還款條件車貸跟房貸的額度是根據市場價格去評估，有時候會有增貸方案,2,[-2.43359375 -1.45996094  4.55078125],0.9966328664131452
請問國泰中國A50正向單日兩倍ETF  跌也是兩倍嗎？單日的意思是..？只保證單日是兩倍的、若持有一個月，就不保證會有兩倍放大效益嗎？另：國泰中國A50 富邦上証，群益深証中小，這三檔ETF，是不是都沒有配息？新手請教，感謝回覆，勿酸！,2,[ 0.8984375  -0.82568359  1.40820312],0.5855666104679521
今天終於漲了量也出來了等太久了...,1,[-2.72070312  3.0390625  -2.14648438],0.9913271511573547
600多張的量，還遠遠不夠。,0,[ 1.15820312 -0.20617676  0.51123047],0.5620605715526003
