text,label,raw_outputs,probability
趁現在還能拿股票換鈔票的時候趕快換免得代理權萬一易手就整個毀掉,2,[ 0.15454102 -1.76074219  2.01953125],0.8491024578502414
01有沒有可能再度封印8k的文章?,2,[-2.18164062 -1.60742188  4.296875  ],0.9957543145630503
你不是很會預測那擔心什麼被人操控? lol 可憐!,2,[-2.28515625 -1.60742188  4.38671875],0.9962547382373058
全部上市可能有困難，但金融股肯定是控盤工具,2,[-2.15429688 -0.69189453  2.109375  ],0.930402667336261
疑?這是老手發問的問題??,2,[-2.64648438 -1.55175781  4.5234375 ],0.9969408074595412
當然政府政策會影響資金流動 股票越多人追價就越高 沒人追價 就往下跌 這算不算操控呢??但是維持各物價平穩 本來就是政府該做的事了,2,[ 0.77197266 -1.00585938  1.53222656],0.6465941436855033
其實，只要控制0050或0056就足以影響大盤漲跌幅。,2,[-1.234375   -1.41992188  2.7265625 ],0.9663094408445286
穩定獲利不投機。,1,[-2.98046875  2.41015625 -1.25390625],0.9706972613949284
元大金 前8月賺逾百億元大金控（2885）今年前8月稅後獲利突破百億元，來到108.81億元，稅後每股盈餘（EPS）達0.92元，獲利穩健。元大金正全力推動元大銀行、大眾銀行的整合，合併完成期限為2018年1月1日，未來證券、銀行獲利雙主軸將更明顯，可發揮整併效益。,1,[-2.640625    3.33007812 -2.54882812],0.9946781834182404
