text,label,raw_outputs,probability
我大概從2006年開始有這股票 我是因為農民銀行被合併轉成合庫(5854)後 開始傻瓜存股法 多年來每個月固定買入零股 最貴買過32.2 最低買過13.6 它多年來就差不多配1元 配合政策就是股票一半 股息一半 不計領的現金股息 成本也差不多約14.7~14.8 約有36.3張 今年會加碼到37.5張就是了~,1,[-2.45898438  2.31640625 -1.89550781],0.9772756370775768
"""每年12~15萬""...怎麼算的~不太對吧若有200張以去年2016 0.3和0.7~來算現金會有6萬 股票配14張 即使扣稅面額10塊好了..都還有20萬(未扣二代健保前)",2,[-2.02929688 -1.6328125   4.16015625],0.9949260113456383
有存合庫金;第一金;台新金今天買玉山金風水輪流轉 換他被外資霸凌,1,[-2.23632812  1.09472656  0.15783691],0.7004762791672814
有買這檔雖然我覺得它配現金很少但我當定存買這檔就是了,1,[-1.85351562  1.7109375  -1.6953125 ],0.9420828188809155
抱歉，我最近減碼賣了50張，漏寫了。原則上合庫最近幾年以1元股利計算就對了。,0,[ 1.37402344 -1.26367188  1.1640625 ],0.5313095865422197
初入股市請教關於3607谷崧十年平均配現金股息都有在3-4元的股票目前在算低點(?)但是看到此股一直再買回庫藏股，再加上每季營收也在減少請問版上專業的對於這種情況的股票的經驗,1,[-2.44921875  1.95996094 -1.41113281],0.955550469875187
你現在入有點危險，利息是很高沒錯，但發利息的前提是獲利，如果獲利不佳的話發利息，就是在消耗過去的盈餘！這家公司，去年就開始虧損了，而且是虧損一整年，現在入就好像「賭博」，要止損回升要很大的本事… …,0,[ 1.66699219 -0.20361328  0.07623291],0.7364848363277974
獲 利 能 力 (105第3季) 最新四季每股盈餘 最近四年每股盈餘營業毛利率 10.14% 105第3季 -0.46元 104年 5.42元營業利益率 -0.94% 105第2季 -0.75元 103年 6.05元稅前淨利率 -3.97% 105第1季 -1.20元 102年 3.57元資產報酬率 -0.56% 104第4季 1.07元 101年 3.16元股東權益報酬率 -1.06% 每股淨值: 　　 48.42元有點怪怪的~~後面幾季盈餘都是負的~~,0,[ 2.7265625  -0.82519531 -0.48193359],0.9353735950622423
和泰車吧...證所稅還沒開徵前玩過，當時買了10張，配息8萬元。,2,[-2.453125   -0.30688477  2.1796875 ],0.9149783707465404
