text,label,raw_outputs,probability
幸運大了不起,2,[-1.66601562  0.67236328  0.93701172],0.5430282601957337
不得不佩服 美股這波拉得真是猛啊！,1,[-2.63671875  3.63671875 -2.8203125 ],0.9965567138703217
邪惡第五波後面還有邪惡第六波 邪惡第七波............,2,[-1.23828125 -1.61621094  3.50390625],0.9855179381622149
宏和因為在等待變更執照，所以一樓還沒開始裝潢，也有可能變更過了在接觸買家，直接賣大樓,2,[-0.26391602 -2.12695312  3.0390625 ],0.9592503384543719
