text,label,raw_outputs,probability
買面板的真是刀口上舔血2017年投產的京東方福州8.5代線、惠科重慶8.6代線計算，目前大陸已有至少10條8.5代線在運轉，其他還有華星光電深圳兩條8.5代線、三星蘇州1條8.5代線、LGD廣州1條8.5代線、中電熊貓在南京1條8.5代線，以及京東方位於北京、合肥、重慶的8.5代線等等。而中電熊貓在成都、咸陽還有8.6代線新廠在建，華星光電深圳11代線也規劃中，京東方合肥10.5代線則將於2018年投產。,1,[-2.02929688  0.74023438 -0.07312012],0.6639843126364409
雷科(6207) 被動元件設備廠,2,[-1.90625    -1.26367188  3.01367188],0.9792600730314935
我也想知道該不該參與減資？,2,[ 0.20227051 -1.32128906  2.28710938],0.8684910385706108
元大金確定要往上走了...,1,[-2.70703125  3.51953125 -2.83984375],0.9963070073067869
真漏氣。才剛說完就......,2,[-1.49121094 -1.60253906  3.75390625],0.990107979887464
這檔漲也漲不大起來 賺不到啥價差當定存 配息又配的非常小氣,0,[ 1.63085938  0.19226074 -0.38085938],0.7293847104860078
好加在昨天見好就收，全部出清,0,[ 5.3203125  -2.57226562 -1.45898438],0.9984916988971486
