text,label,raw_outputs,probability
無言的結局,2,[-2.45117188 -1.54785156  4.4609375 ],0.9965591631390959
但是又何奈!崔姬的歌唱一下吧!,2,[-2.36914062 -1.48535156  4.375     ],0.9959881578567111
那這些真正在生產產品的公司跟只賣夢的公司比，你的邏輯也很神,2,[-2.10351562 -1.61230469  4.1328125 ],0.9948710536772624
小朋友，去看看博達，訊碟，茂矽，茂德，必翔......吧看看它們有沒有生產產品再去看看力旺，ARM 他有沒有生產產品，還是賣夢你講這個話，讓我覺得你根本是超神了神中之神!!!!,2,[-0.28344727 -1.45996094  2.4609375 ],0.9224146710908252
我也來參加。每月定期定額5000。10年後換我小孩接手，希望屆時報酬率不要太難看。若他不想接，我就把錢領出花光光。,1,[-2.20703125  1.84570312 -1.30371094],0.9431719621010867
長輩間口耳相傳，錢景看好、利多不少，然後然後拿錢出來就GG了啊！,1,[-2.29492188  1.99414062 -1.5       ],0.9577694359344724
N年前 認識的一對夫妻在慶豐當個小職員就有辦法聯手詐貸1.2千萬 還上了社會板就知道那公司管理有多鬆散了.......,2,[-0.96289062 -1.80859375  3.88867188],0.9889521364411145
