text,label,raw_outputs,probability
上証ETF應該延長交易時間到3點1515151515,2,[-1.14453125 -0.73046875  1.98730469],0.9011775869072595
