text,label,raw_outputs,probability
索尼推OLED手機 不利面板雙虎,1,[-0.26196289  0.65283203 -0.8984375 ],0.6201252492609239
在oled跟ltps的面板前 你分得出來 再出來唱衰吧,0,[ 2.171875   -0.96337891  0.33618164],0.8312610128036989
笨蛋才會分不出來,2,[-2.29296875 -1.60351562  4.53515625],0.9967697938901265
你可以帶你爸媽去賣場看... 認證你爸媽是不是笨蛋= =,2,[-2.41992188 -1.67382812  4.47265625],0.9968536424082531
我阿姨好像也是這樣~但後來他轉賣給其他人 但是用非常便宜的價格賣出拉~不知道現在還賣不賣得出去,2,[ 1.09472656 -1.36035156  1.12011719],0.48575924253058284
