text,label,raw_outputs,probability
近期黃豆期貨大漲. 國內有檔追蹤其期貨的ETF大家可以參考一下.... 國內首檔農產品期貨指數連結商品ETF「華頓標普高盛黃豆ER指數股票型期貨信託基金」，簡稱華頓S&P黃豆（00693U）今日以19.99元正式掛牌上市，上市首日開出紅盤順利展開蜜月行情。 此檔ETF追蹤標普高盛黃豆ER指數，指數編製機構為標普道瓊指數公司。標普高盛黃豆ER指數成分為單一月份美國芝加哥期貨交易所(CBOT)的黃豆期貨契約，指數成分期貨契約交易資訊由CBOT提供。 華頓S&P黃豆ETF經理人鄭凱允指出，黃豆是民生普遍需要物資，黃豆本身具有極大經濟利益，黃豆價格更是牽動一般物價行情。他建議投資人不妨可從季節性因素、氣候因素著手，而氣候條件為決定農作物收成的重要關鍵，亦可留意國際產區新聞，適時掌握買入時機。,1,[-1.77832031  1.4375     -0.84033203],0.8751750103400875
嗯嗯，感謝回答,2,[-3.01953125 -1.2734375   4.21875   ],0.9951859174151505
00631L 元大台灣50正2 00632R 元大台灣50反12016/4/27 19.55 18.83 加總 38.832017/7/13 33.88 13.85 47.73,2,[-1.22851562 -0.98632812  1.75292969],0.8965893856121722
2015/5/6--- 2015/8/24正 反5/6 23.88*2= 47.76 17.89*3= 47.67 加總 95.438/24 14.44*2=28.88 23.03*3= 69.09 加總 97.97,2,[-0.19873047 -1.98925781  3.05664062],0.95693580098731
正2 反1， 2 v.s. 1，不對等。在牛市， +2>+1>-1 正常。,2,[-2.41601562 -1.56152344  4.421875  ],0.9964202507901313
焦點股：智邦(2345)Q2、H1營收創高，下半年更旺，今大漲近4%兩日完成填息填息大漲填息之後都會大漲 賺價差,1,[-2.50390625  3.66210938 -2.94921875],0.9965671952745563
