text,label,raw_outputs,probability
請問有人有投資美股 UVXY  XIV  SVXY 等 ETF 的嗎？這幾個 ETF 波動好大，不過這樣好像才有機會賺錢，有投資心得分享的嗎？,2,[-1.73339844 -1.46582031  3.13867188],0.9826423329113353
嗯，後來營業員幫我查了下，說不能像股票那樣下單用漲停價，不然我會很慘。。。果然現價下單就OK了，一張大概是37000。,1,[-0.2052002   0.70214844 -0.88330078],0.6217170901179883
"因為我看幾家券商都是賣某些檔的etf，其中元大賣的最多，而我自已是用台新金和群益証券。是每家券商想買任何一檔etf都行嗎? 還是要該券商自已發行的才有?就是不想打電話問辣 ~謝謝我查台新網站有 複委託，只是我想買的是交量易超大的 "" 元大滬深300正2""台股代號：00637L",2,[-2.08007812 -1.39355469  3.76171875],0.9914020430610567
發行歸發行 公開販售 只要有開戶 市場上皆可買,2,[-2.1875     -1.35253906  3.58398438],0.9898102546847173
你應該只是小散戶吧?那你沒法跟券商買 只能在集中市場買.只有法人大戶有本事直接跟券商買.,2,[-1.80566406 -1.63769531  4.04296875],0.9937442491818809
我是小散戶 沒錯 ，謝謝我只是想要手機下單而已,2,[-1.16894531 -1.28515625  3.01171875],0.971912337154841
這種ETF在集中市場的手機下單就可以了一般券商都可以0050也是元大的不也是哪一家券商都可下單,2,[-2.04882812 -1.29394531  3.64648438],0.9895961664213794
