text,label,raw_outputs,probability
今天太陽能漲 不知道該出清還是續抱,1,[-0.94921875  1.95410156 -2.39648438],0.9365575179244022
無量無價年線又破 融資一路買一路好走,1,[-1.81738281  2.68359375 -2.75      ],0.9847700142075917
跌不怕 融資繼續大買喔! 許多股票都還在高位階 撐住喔!,1,[-2.51953125  3.7265625  -2.94921875],0.996811104887042
昨天的融資又大增9億跌剛好觀察每次融資大增，隔天就殺給你看融資大減隔日就漲給你看,0,[ 1.55566406  1.02832031 -1.95019531],0.6172109928647416
散戶繼續買買買 外資法人主力繼續殺殺殺 早點結束不要歹戲拖棚,0,[ 3.13085938 -0.52246094 -1.29296875],0.9634902472517415
今晚融資會再度大增 早早結束 真的不要歹戲拖棚,1,[-2.43164062  3.16210938 -2.63671875],0.9932931333065023
