text,label,raw_outputs,probability
十五年前左右買賣過，已經很久沒接觸了！未上市股票還是有一定的風險存在，透過證券公司推薦的真的會比較保險一點。,2,[-2.41015625 -1.51367188  4.3046875 ],0.9958321899795723
不要漲了，我要抄底魯拉,1,[-0.88476562  1.70996094 -2.12109375],0.9121149676529254
"請問會佔用信用額度嗎？例如影響""信貸""、""房貸""審核？",2,[-2.453125   -1.62402344  4.7421875 ],0.9975373270757483
假日陪老婆回板橋娘家有順道去繞了一下，確實周邊聯外道路是小了點，不過樓下有商場感覺挺方便，請問一下這算住商混合區嗎？房屋稅如果申請自用跟一般住宅稅率一樣嗎？,2,[-2.27929688 -1.59375     4.34765625],0.9960630383770521
