text,label,raw_outputs,probability
半年報後改做康舒，三四季可期待，離半年報越來越近，大家選好股上車了嗎？買好買滿,1,[-2.50390625  3.75585938 -3.00195312],0.996935955661837
終於等到仁寶停牌了，真不知道消息好不好？,2,[ 0.21228027 -0.45507812  1.609375  ],0.7276950017693177
希望能不是壞消息,1,[-2.40429688  1.06347656  0.10803223],0.7063006880909332
8月3日收實紅K，攻擊量出現，後勢必會再拉一波！,1,[-2.5625      3.79882812 -3.        ],0.9971659023982854
這個業務好像不是很熱門，問附近的元大銀分行說沒辦，又去問中信，那小姐也是一臉茫然.....,2,[-1.5546875  -1.76367188  4.26953125],0.9946755879753612
日月光今年配2.5，宏璟有4萬張（4千萬股）可以收到一億。配息發放日是9/5，所以要到10/9出月報才看得到。,1,[-2.06640625  1.51269531 -1.36425781],0.9223332556929401
