text,label,raw_outputs,probability
球大，可以請教對帛漢的看法嗎？感激不盡,2,[-2.640625   -1.47949219  4.46875   ],0.9965838790479791
這麼好的一篇文章怎麼就沉下去了還有高手大大肯賜教嗎搬好椅子等了,2,[ 0.68847656 -0.35424805  1.0390625 ],0.5121567051915894
今天買了一隻中華電信 109.5剛剛投資日帳單的Email來了只有手續費156元但我看手機未實現損益卻是 -640 -0.58%請問是什麼地方弄錯了嗎,2,[-1.74316406 -0.9375      2.81445312],0.9671564544903929
未實現損益已扣除證交稅和手續費，畫面末端通常會註明,2,[-2.3671875  -1.63867188  4.39453125],0.9964575538687457
買進手續費156賣出手續費156證交稅 328=640,2,[-1.6015625  -1.34765625  2.890625  ],0.9750119057524729
沒錯 中華電今天收盤也是你的買價109.5 未實現損益就是以收盤價109.5賣出計算 你要損失來回兩次手續費156*2=312及交易稅109500*0.3%=328312+328=640元,2,[-1.4375     -1.31542969  2.62890625],0.9647825969774632
原來如此啊APP裡面是全部都算好了是那個日帳單令人搞混感謝各位大大的回覆,2,[-2.6171875  -1.61523438  4.4921875 ],0.9969655471625508
樓主真心是個好人，不得不讚一下！,2,[-2.67382812 -1.29882812  4.29296875],0.9953507266399336
樓主真心是個好人+1,2,[-2.6484375  -1.43261719  4.53515625],0.9966921080206987
