text,label,raw_outputs,probability
這樣看起來，對照之前P大po過的資訊，新的這檔的持股 ，大概有點像是botz+robo的綜合??有機會再來研究了,2,[-1.63378906 -0.77587891  2.20703125],0.9327303573168676
一賣掉就漲不停...藍瘦香菇到不行,1,[-1.28808594  1.56542969 -2.21484375],0.9255336276304232
8k大 你真的讓人好亂喔不斷自打臉 看漲看跌都你在說好好回去跟其他高手學習增加功力吧不然你的200萬 遲早給你自己玩完~~~,2,[-1.74902344 -1.58691406  4.1328125 ],0.9939663590578824
當你賣出的當時馬上進了一張，才兩日就有如此投資報酬率。今日獲利了結~賺點買菜錢~,1,[-2.3125      2.63867188 -2.31640625],0.9860740289213032
登記一下,2,[-2.94726562 -1.484375    4.3984375 ],0.9965794449307809
個股：宏璟(2527)董事會決議，擬每股配息0.8元2018/03/07 07:18 財訊快報 編輯部董事會決議股利分派1. 董事會決議日期：107/03/062. 股東配發內容：　(1)盈餘分配之現金股利(元/股)：0.80000000　(2)法定盈餘公積、資本公積發放之現金(元/股)：0　(3)股東配發之現金(股利)總金額(元)：216 244 800　(4)盈餘轉增資配股(元/股)：0　(5)法定盈餘公積、資本公積轉增資配股(元/股)：0　(6)股東配股總股數(股)：03. 其他應敘明事項：無4. 普通股每股面額欄位：新台幣　　　　　　　　 10.0000元,2,[-1.94726562 -1.14550781  2.37109375],0.9587526217039312
