text,label,raw_outputs,probability
分享五個帳戶其中一個明天準備佈局空單 6147頎邦操作建議 明天大漲就空放著空 很快就賺錢了,1,[-1.171875    1.46972656 -1.55175781],0.892876352226367
昨天跌停，今天又跌，只因蘋概股利空出盡嗎?還是從科技指數改列發達指數，有其他重大利空嗎?,0,[ 2.76171875 -0.35107422 -0.95556641],0.9356493947936753
跟營業員講，只要有抽籤的機會就電話通知您父母(除非明確說不抽，不然基本上一定抽)，戶頭錢不夠就通知你補錢，這樣不就解決了?,2,[-2.21484375 -1.55664062  4.4609375 ],0.9963169668183535
還有公司持有日月控股44131張今年每股發將近2.5元約可貢獻宏璟eps 0.4,1,[-2.546875    2.34375    -1.86523438],0.978111644115705
尾盤爆548張  晚上可以看是哪家拉的  推測是外資,1,[-2.47460938  0.76074219  0.43359375],0.5680775356391363
應該是新加坡商瑞銀的加持另外2527法人連續持續10個營業日買超GO GO GO,1,[-2.41992188  3.25976562 -2.63085938],0.9938580830442426
