text,label,raw_outputs,probability
也來追蹤，這幾個指數過去1週狀況AI+RoboROBOBOTZ,2,[-2.51953125 -1.54492188  3.84375   ],0.9937476006980871
其實真的法人在萬點之上.作法變保守.不太敢買太多.尤其是投信.不過你這隻可能價高吧!目前線還不好.外資在上面也是套不少.如果外資一直返互在做價差.就要小心.他在降損益.這樣的話.不可能會過前高.正文也是如此.現在萬點的股票真的不好玩,0,[ 2.7265625  -0.48632812 -0.85302734],0.9362180309123458
如題 有沒有什麼八卦（歡迎理性討論）,2,[-2.6953125  -1.49511719  4.59375   ],0.9970577377654016
把心思放在事業上才賺的到錢。不要放在股票上，上上下下無心上班，自然一敗突地,0,[ 2.28125    -1.10644531  0.30517578],0.8529520938765642
沒提醒樓主要反向操作，這樣可不行,2,[-2.56640625 -1.45019531  4.58203125],0.996823884507193
2834臺企銀值得長期投資的好公司這是我幫我媽咪臺企銀存股的從2015年10/20開始存今年跨年第4個年頭第3次要領股息股利我也是幫我媽咪長期投資的 只買不賣目標100張 0成本,1,[-2.64257812  2.78125    -2.1796875 ],0.9887122795814824
