text,label,raw_outputs,probability
昨天看電視有專家講到機器人ETF，談到BOTZ跟ROBO這兩檔，感覺可以觀望一下,2,[-1.61914062 -0.41748047  1.85449219],0.8817465265237464
需大舉買進時，可惜銀彈不足，嘆...加減買,1,[-2.4140625   2.68359375 -2.40625   ],0.9878786941175741
今天鴻海開這麼高 怎麼看都怪 漲假的吧!,1,[-2.54101562  1.75097656 -1.00097656],0.9280908063090367
就是今天。,2,[-1.6796875  -0.66699219  3.015625  ],0.966842093193209
