text,label,raw_outputs,probability
所以我說的 這幾年就只有賺到心驚膽跳～還不如把錢拿去放定存.............,2,[-1.36425781 -0.81933594  2.        ],0.9138819643158274
很多長輩都是這樣.....買了變便宜 認為只要沒賣就不算賠.....唉...結果越買越多 快變成百貨公司了....,2,[-0.93994141 -0.67285156  1.60839844],0.8471935376795247
寧當傻瓜傻傻的抱，不當聰明人進進出出。2018/03/16 的最近十年↓辛辛苦苦進進出出，報酬可有 99.52%？,0,[ 2.38671875 -1.35742188  0.61572266],0.837647668839513
