text,label,raw_outputs,probability
股市裡那麼多創業的老闆的案例證明了創業比較好賺錢上市後又可以收割韭菜本業賠錢也能搞減資下市收購再上市,2,[ 1.16113281 -0.93896484  1.16503906],0.4721282679537088
下個月領薪水時不知道可以買到24嗎~朝300張努力,1,[-2.6953125   2.13867188 -1.30371094],0.9615910389037184
謝謝你寶貴的資訊。,2,[-2.97851562 -1.31738281  4.171875  ],0.9951085771258406
「期待亂世大一起加入」，謝謝你的邀請，兩三年前就買了，目前持股很多囉，還是會逢低補。,1,[-2.53515625  2.87695312 -2.33789062],0.990199499993777
哈，原來如此，看起來這邊就小弟最資淺了，大家的持股都又多又便宜。,1,[-2.41210938  1.49121094 -0.53271484],0.8678216331327949
看大家都買很大該不會大戶出的股票都被賣到這棟樓來在這樣買下去大家都是大戶,2,[ 0.58349609 -1.41992188  1.54394531],0.6971848492632563
