text,label,raw_outputs,probability
請教下，債券ETF怎麼定存呀？今天試著買富邦7-10年美債（比國泰的類似產品管理費低，國泰0.5%，富邦0.2%），但一張就要差不多100萬台幣？,2,[-2.13085938 -1.40625     3.8203125 ],0.9920883451564925
一張是1000單位，所以總共是3.7萬左右阿?另外可以考慮去富邦證券開戶用定期定額買阿，每次手續費1折低消1元，每個月可以扣3天，這樣用來存很適合吧!,2,[-2.46679688 -1.0234375   3.47070312],0.9863752992493111
系統性風險？我只知道覆巢之下 復有完卵乎？,2,[ 0.92041016 -1.53027344  1.63867188],0.6537455916146684
昨天開休旅車回原廠維修還跟業務閒聊到2B在台的代理權。想起我聽到的馬路消息。若干年前聽朋友提起（他辦過汽車雜誌）。當年泛德在忠誠路蓋那個展示點就是跟代理權不穩有關。聽說中華賓士也有入股台灣賓士。不論是哪一家車廠....在台灣投資股票，我不會想投資汽車類股！,2,[-0.48120117 -1.7578125   3.        ],0.962135359741632
為什麼不想?和泰車不錯啊.,1,[-3.04101562  3.31640625 -2.046875  ],0.9936216075283258
賺錢的公司上市通常都是有事,2,[-2.2890625  -1.12304688  2.87695312],0.976540659111427
今天外資還是小買44張 今天跌破月線25.6 暴量 1094張 收在25.2 破線有人會先賣再買買更多強力支撐 在頸線24.7 技術線型上21.4 漲到26.85 回檔0.382 也在24.7元我以為 跌破24.7 就是 進貨的好時機 資金要控管 沒量的股票 只要有業績 很快會還其公道,1,[-0.55664062  2.12890625 -2.58398438],0.928364876735738
