text,label,raw_outputs,probability
只要價差超過10%就抽平均一年中2支左右,2,[-2.06445312 -0.32861328  2.34765625],0.9251130513146789
以機會成本來看當然是抽愈多中獎率愈大。,2,[-2.40625    -1.09082031  3.75195312],0.9900978268296805
我是價差20%才會抽，但是2個戶頭，2年沒中過了,2,[-2.1484375  -1.71582031  4.4765625 ],0.9966396017050715
我短時間需要周轉20W除了股票借款還有什麼建議呢(合法管道),2,[-2.3359375  -1.59765625  4.546875  ],0.9968395822448863
信貸借錢的利率如果壓在3%以下，還款最高7年，大約一年要還15%的本金，綁約正常在18個月，18個月後本利逐月償還第18個月全數還清，約3.5%的成本，股票一買一賣成本千分之六，通常是股票目前賠錢才不賣，兩者抵扣之後，你的股票18個月內只要漲2.9%就比借錢划算，以台股平均殖利率約4%，18個月大於1年可配息一次，除非你選的股票低於大盤殖利率，不然怎麼算都是借錢比較划算。,1,[-2.0625      1.87402344 -1.58789062],0.9515783582305327
