text,label,raw_outputs,probability
我倒是希望20年後 可以送我免費的股票然後每年還是繼續領股息,1,[-3.02734375  2.94726562 -1.91601562],0.9898367625996716
假如股市只有兩家公司，一家製造業A股價100，一家投資業A股價100。股價指數是兩家總合200。製造業A一年賺5元，產業本益比20。投資業A一年賺5元，產業本益比20。現在投資業A以接近0利率融資100元買下製造業A，後者盈餘5元全灌入前者。前者股價升為200（10元X20倍本益比）股價指數就變成了300。整體獲利不變，本益比變30。若再增加一家投資業B，一樣一年賺5元，股價100元。現在投資業B以接近0利率融資200元買下投資業A，後者盈餘10元全灌入前者。前者股價升為300（15元X20倍本益比）股價指數就變成了600。整體獲利不變，本益比變40。若投資公司（交叉持股）一直增加……那麼……,1,[-2.47070312  2.34960938 -1.87988281],0.977876474745939
看你的指數計算是採用何種方法。至少台灣的大盤算法和你的例子完全不同。你的例子只看股價，並沒有考慮到公司市值。,2,[-2.27929688 -1.64453125  4.453125  ],0.9965720174307022
Total =357月128月目前23,2,[-0.2244873  -0.66503906  1.55664062],0.7831620932381089
請問7月的12和8月的23是哪邊查的到呢?,2,[-2.17578125 -1.4921875   4.23828125],0.9951398259865498
謝謝分享，五分奉上！,2,[-2.9375     -1.15722656  4.296875  ],0.995024799163076
