text,label,raw_outputs,probability
回顧今年績效 投入68萬，獲利69萬，等於100%。,2,[-2.75976562 -0.96484375  3.49023438],0.9866312781831712
55555555555,0,[ 2.66601562 -1.51367188  0.02264404],0.9204506394227165
中國股市是 貪心的結果..中國股市是 貪心的結果..中國股市是 貪心的結果..,2,[-1.37011719 -1.74609375  3.49023438],0.9871010432178267
中國網財經12月29日訊 據央行網站29日消息，為維穩定年末資金面，維護銀行體系流動性合理充裕，今日開展1500億元7天期和800億元14天期逆回購操作，中標率分別為2.55%和2.70%。今天放水量更大，過一天，算一天。,1,[-2.171875    1.30859375 -0.43457031],0.8293532022052529
有人觀察00712嗎？這支跟REM一樣是mREIT但是內扣比REM便宜不過規模有點小成立剛滿一年左右成分股比例跟REM差不多2018殖利率也有拿到10%可以拿REM歷年報酬回測參考REM 08-18年 定期報酬年化7.5％只是不知道這支是不是跟REM一樣會扣30%跟匯率避險問題,1,[-2.40429688  1.68554688 -0.85839844],0.9129937836682821
除了用戶數與月活躍人數( MAU)之外，再觀察Perfect的財務數字，目前月營收近3000萬，且預估逐季變好直到損益平衡。但是未來的業績大餅能吃到多少更是投資人所關心的。,1,[-2.81835938  2.2734375  -1.40332031],0.969507205015463
借錢投資這種事，能避免就避免。選2應該是比較合理的。不過我是不會用價位來買。建議定期買入，而不是照價位買入。,1,[-1.41308594  0.78759766  0.1595459 ],0.608140124578056
