text,label,raw_outputs,probability
國外方面，幾檔ETF的走勢，看起來開始出現一些差異:,2,[-1.49609375 -1.58105469  3.64648438],0.9889149325812538
哥買都有賺耶！,1,[-2.79492188  3.6796875  -2.671875  ],0.9967246420451372
偽 jacky8000偽 jacky8000偽 jacky8000,2,[-1.70703125 -1.75976562  3.76953125],0.9919134601478127
樓主7/12晚上推介<4906>正文給大家，如有人隔天7/13買進剛好是買在波段的最高點(當天高28.95)，而今天此股收27.05。,1,[-2.22460938  2.15234375 -1.89355469],0.970819533273462
你說得很好.是我判斷錯誤.或外資搞鬼.但問題很大.今天研究後.發現外資在做騙線.弄上去後借劵佈空.此事嚴重.真的被外資殺下來應該會賠很大,0,[ 2.35546875 -1.12695312  0.40722656],0.8523279792343209
