text,label,raw_outputs,probability
漲四成後 歐洲太陽能復甦可望四成在四成,1,[-2.73046875  2.85351562 -2.1171875 ],0.9894173582001685
我喜歡你哈哈哈,2,[-2.46875    -1.48339844  4.5703125 ],0.9967842974438985
你也需要粉絲搶搖滾區嗎,2,[-1.82519531 -1.42871094  3.64257812],0.989614053842987
我來幫您推一下，非常羨慕您，發了30篇這麼......的文章，都沒有任何大大來登門拜訪有時候沒有人氣，真的是最安全的結果他們只針對人氣文章提出建議，您的文章，完全沒有大大前來鼓勵我幫您推文。加油，繼續發表,2,[-2.59375    -1.30273438  4.5078125 ],0.9961949258871343
