text,label,raw_outputs,probability
就因為走跳11年 進出一檔只能花1000多元 再多也沒了...,0,[ 1.48730469 -1.53613281  1.21191406],0.5531251159665568
愉樂版，大大也太認真了，不過它真的被主力鎖碼了他還有一支兄弟叫 「海光」,2,[-1.46191406 -1.08789062  2.54882812],0.957433861744664
這個版越來越歡樂了，小菲特+八千大，好歡樂好歡樂,2,[-2.69921875 -1.14257812  3.95703125],0.992669051441191
只是想知道志明還有在哪裡出沒，高手當然要勇敢追隨我是該吃些提升一下記憶力惹，上次乾女兒的媽跟我說些事，還說你知道的啊，我怎麼想都想不起來我知道這些事啊一定是因為記憶力衰退,2,[-2.02734375 -1.60742188  4.65234375],0.9968421394118347
股市黃金伯 賽指黃金吧宏盛 只要有心 真的可得之 一般人被捷4 200億 delay 嚇怕了 30.x跌到13.x 現在改租了再翻上來 有賺都是福 宏盛股本61.75億 28.3元暴量1.3萬張 應是自營商拉的 快進快出如果明天再倒打一耙 倒是可看看 我還意猷未盡,1,[-0.15197754  1.88476562 -2.45117188],0.8744756030360221
