text,label,raw_outputs,probability
這個案例跟樓主案例的相似之處？可參考之處？,2,[-2.60546875 -1.50390625  4.640625  ],0.9971500105123344
80老頭寧願輸光錢也不願留給不肖子孫（建議玩期貨權證輸較快）VS受虐子孫一邊詛咒老人走一邊期待大筆退休金遺產（你不貪他的錢大可放生不鳥他）真相只有一個！？,2,[-1.53515625 -1.68652344  3.81835938],0.9912783831334688
人家只是完成年輕的夢想而已年輕不能亂玩股票老了可以按照意願去玩就算他玩到沒錢也沒事 他自己賺的除非你們都要靠這個長輩生活例如住長輩的房子 開長輩的車 用長輩的錢,2,[-1.93457031 -1.68359375  4.453125  ],0.9961705861893744
說你強姦就是強姦！．．,2,[-2.4921875  -1.65039062  4.609375  ],0.9972719521027985
偷渡政治文＋１最近退撫基金聽說大賺好幾億會不會是樓主的投資標的被四大基金沖倒了,0,[ 1.97753906 -1.87988281  1.01660156],0.7124250241627512
其實禁止80歲以上老人玩股票，治標不治本啦。我覺得應該拜託政府禁止股票跌，就不會有人賠錢啦。,2,[-2.49804688  0.57421875  0.77050781],0.5376818014774506
AD0373 worte:喬山 現在還很強 但遲早會下去 請問，現在可以空了嗎?感覺比較弱每天都開高走低了?,0,[ 4.55859375 -1.95898438 -1.04003906],0.9948465305067077
