text,label,raw_outputs,probability
我的股票愈來愈走下坡第一個星期賺的%最多第二個星期就少一點第三個星期又更少一點似乎不太妙不知大家的股票都賺錢嗎？,0,[ 2.58984375 -0.61816406 -0.62695312],0.9254800366325595
其實現在網路訊息都很通透，01/fb 都會有人在比較利率等，像您鴻海屬優質應該可以借到約2.2%的利率,2,[-2.04492188 -1.2890625   3.42382812],0.9869765627478305
若無意外，過幾天公司應該會發佈FaceMe再次參加人臉辨識評比的消息了。成績的好、壞?是否為利多、利空?可能要各自去解讀了。,2,[-1.82324219 -1.12597656  3.04882812],0.9774830041713661
終於又熱鬧起來了 請今天直接過19.5-19.75吧,1,[-2.22460938  1.56152344 -1.        ],0.909198183217014
金融風暴後...5 元..買了 3萬 元跌了下市就當沒年終...一年後...一直卡在11.9 元上不去.....然後就....直奔 50 元....最後 賣 45 ...擺一年多....運氣好...,0,[ 2.56640625  0.0418396  -1.29101562],0.9080875556550733
都快忘記這檔的存在了今日融資跟當沖太多大概又是曇花一現。,0,[ 1.24316406 -0.87011719  1.14257812],0.4937910219504664
