text,label,raw_outputs,probability
美債的價格每家通路報的價格都不太依樣,2,[-2.47070312 -1.62597656  4.41015625],0.9965935957086576
ＶＴ ＥＴＦ仍屬於股票股息 會扣30% 無論你用國內或國外券商題外話：我有在考慮用債券型ＥＴＦ,2,[-1.91113281 -1.74414062  3.94335938],0.9937838387128873
