text,label,raw_outputs,probability
賣出00642U將近三個月後 再度買進 因為最近國際油價急跌 大概美中貿易紛爭已影響全球景氣 石油需求似乎不被看增 而供給未明顯減少 油價因而走低 昨天西德州原油已跌穿30幾年來的時間序列平均價56美元一桶 因此試著買進等待由下返回均線的上漲.,1,[ 0.39208984  1.65332031 -2.01953125],0.7641117264983013
三年多前買了2207 393塊 去年跌到200…當作沒買這張 準備配息10年 沒想到 今年變500了 唯一的一次屎到…,0,[ 2.7890625  -0.17102051 -1.40917969],0.9373506899444929
美股我信拉台股就......抱到下是 我就信 哈台股這個市場 沒人想玩建議台灣人前往美股,1,[-0.46704102  0.55126953 -0.82421875],0.6196090786514417
存股的前題是...這間公司1.老板正派經營 不分割賺錢部門出去 也不嘴砲炒股2.公司一直持續穩定獲利3.獨佔或領域龍頭,1,[-2.79296875  1.62011719 -0.32714844],0.8659647913308472
何止烙賽連茶都沒得喝,0,[ 4.42578125 -2.3046875  -0.61425781],0.9923908741391033
