text,label,raw_outputs,probability
想請問AOA成分中有債，債的配息台灣身份的投資者應當可以申請退稅，所以預扣30%除息金額的稅金，在實務上是否可以退回某種比例，謝謝,2,[-2.42773438 -1.62011719  4.46484375],0.9967186564885215
目前還沒仔細算過退稅不過爬文看起來應該是算債券的比例退稅沒錯詳細退稅比例可能得問複委託的營業員了,2,[-2.45117188 -1.64550781  4.484375  ],0.9968604606689222
6月回文後已過了兩個多月 現在再來檢視績效!這支股票是年初買的(有做功課) 不管大盤跌千點 堅守信念一張不賣奇蹟自來 獲利已到達73% .持續看好!,1,[-2.96875     2.70898438 -1.60351562],0.9834569667499569
蠻好的。十幾年有吧。損益全部加起來嗎？幾千應該有吧。,2,[-2.42773438 -1.37890625  4.01171875],0.9938812664418079
去年八月到現在25%左右不過大盤在高點不敢買太多還買不到本金的一半而且本金太少賺沒多少錢,1,[-0.27172852  0.6953125  -0.91357422],0.6327845674794905
是真的!今年初買的(一定要做功課) 到現在大盤經歷了幾次下殺(千點百點) 不隨之搖擺堅定信念 一張不賣奇蹟自來 獲利率來到了73% 持續看好!,1,[-1.67285156  2.91015625 -2.94140625],0.9870698774867335
喔！一時搞錯，謝謝指正。,2,[-2.88671875 -1.25585938  4.26953125],0.9952583047975218
散戶的股票也是錢啊，當然也可以作質借，聯*銀行歡迎私訊，每月只需繳息，不用還本道奇再續約,2,[-2.13671875 -1.09179688  3.08984375],0.9797722216058568
聯邦不錯啊...,1,[-2.97851562  1.72265625 -0.36889648],0.8829399484328847
