text,label,raw_outputs,probability
5555555555,0,[ 1.91503906 -1.48144531  0.67724609],0.7555641209883392
請問一個新的股票上市的價格是怎麼來的呢,2,[-2.6171875  -1.55664062  4.3359375 ],0.9962982574433287
公司訂的 再參考得標價,2,[-2.64648438 -1.65625     4.26171875],0.9963233553120511
十二夜月大可否另外請教若以百萬為單位，５００萬，股債６：４，富邦證中的ETF你建議的配置為何？謝謝,2,[-2.33398438 -1.64941406  4.53515625],0.9969092256711555
下圖供參,2,[-2.2734375  -1.39648438  4.4140625 ],0.9957757339537079
>>3.兩者(0050、00692)還是有些不同。一偏全市場，一偏策略性。股票分散風險到一個程度後 策略都差不多市值排行也是一種策略 ==> 我是選低成本策略 :)>>4.還是提醒注意『滑價』問題。(此為現實，非理論。)了解在下看的是年復一年的成本 ==> 指數投資的關鍵:對於眾多預測基金未來報酬的因子 成本是單一最重要的因素謝謝A大 花時間整理我記得過去0050是最低成本的現在再檢查一次 發現00692是最低的(另一因素是 不想用我的真金白銀默許元大忽視投資人的聲音若是投信業有更大市場競爭壓力 對我的真金白銀也有幫助 :) )如果有不合理的地方 就想辦法站對邊 :)自己的真金白銀 自己顧,2,[-1.89941406 -1.43554688  3.51367188],0.9885849995270896
的確沒錯！,2,[-2.74609375 -1.12597656  4.03515625],0.9931768210702031
感謝您的分享,2,[-2.97070312 -0.99414062  4.05078125],0.9927189393449005
