text,label,raw_outputs,probability
在一張都不賣的思微下，奇蹟自來。正向思考改變了行為。。。。。。,2,[-3.28320312  0.28173828  2.11328125],0.8585911289050024
台新銀行剛開業時那幾年，我透過中間商買了幾百張的實體股票，當時一股約10.5元，後來搬家誤扔了，十年後漲到29元，趕快去辦理掛失補發，最後賣到25元。如果當時沒有誤扔，我猜13元上下(獲利二成)就會出清。,0,[ 2.93945312 -1.15429688 -0.28125   ],0.9464287683692792
看人品BJ4科科科,2,[-2.43359375 -1.65722656  4.39453125],0.9965751622279605
一張不賣奇蹟自來!這句話絕對適用於，近幾年來買入泛公股行庫的投資人，10元有人下車了...11元有人下車了...12元有人下車了...13元有人下車了.....PTT法人持股,1,[-1.90429688  1.86132812 -1.921875  ],0.9561117537597624
怎麼沒人提到台鳳呢這只下市前也是熱門的存股股喔,1,[-1.74023438  1.421875   -1.55761719],0.914783375466545
不要把下市當成魔鬼有時是天使想力晶中友神通我低接了幾天還買不到下市最後一天還漲前幾天的華映一連漲停數天下市難道買的人錢多還是什么,1,[-0.77099609  1.38671875 -1.77148438],0.8634900008392815
是真的！！某些股票 我真的一張都沒賣越套越慘的奇蹟真的就來了,0,[ 4.3828125  -1.78320312 -1.13964844],0.9939413442507545
