text,label,raw_outputs,probability
你也可以問 A片番號啊～不是啦是股票代碼～,2,[-2.56054688 -1.63476562  4.4375    ],0.9967907249947944
我想請問一下 1.google sheet 裡似乎無法輸入0050或0056前兩個0?2.如何取消四捨五入的功能?感謝 ~,2,[-2.45898438 -1.66699219  4.5625    ],0.9971452211270238
四捨五入 =round (數值，第幾位）=`0056,2,[-2.44335938 -1.67871094  4.24609375],0.9960989850625781
啊~原來如此!感謝!感謝 ~,2,[-3.06054688 -0.94384766  3.91796875],0.9914063865442017
環球經濟正處於下行風險  緊記要注意  及做好風險管理.,2,[ 0.90869141 -1.26953125  1.71582031],0.6681549284989241
