text,label,raw_outputs,probability
請問一下....福盈科這檔是不是全收呀,0,[ 1.44628906 -0.35498047  0.10516357],0.7009475341627469
這檔ETF是完全複製（富時抵押權型不動產投資信託指數）我有點被搞混 ，不明白淨值與配息的關係，這種類型的ETF 可以配到本金嗎？這種抵押權型與權益型的REIT 不是利息收到多少就扣除費用後配出股息嗎？以上兩點疑問，請各位大大釋疑，萬分感謝。,2,[-2.18359375 -1.57128906  4.08984375],0.9946643129680917
morgage Reits不會配到本金但基本上就是股票持有股票跌 ETF 自然跌,0,[ 4.9765625  -2.20507812 -1.20214844],0.9971744883954199
感謝大大的回覆。,2,[-3.09570312 -1.0234375   4.06640625],0.9931133554094203
已開獎，真的是1.6，不偏不倚,2,[-2.41601562 -1.14746094  3.82617188],0.9912143070495518
