text,label,raw_outputs,probability
gino很強阿 很久以前就有發搂 前面酸的人就是看到老師就酸的吧,2,[-3.09570312 -0.32104492  2.69726562],0.9506312000678625
第三季0.58比想像中高前三季1.48挑戰今年2元拼拼看,1,[-2.58203125  2.90820312 -2.27929688],0.9903806005191379
第四季最少來個0.42全年就1.9配個1.6也不無可能,1,[-1.47167969  0.86083984 -0.83154297],0.7805601263525432
