text,label,raw_outputs,probability
優質文 期待樓主後續心得,2,[-2.77929688 -1.20507812  4.29296875],0.9950812435641462
只跟單的話建議可以找陳漢昇投顧 比較誠實不過也是沒太大效益 學習釣魚選股吃比較實在有好老師已經很難能可貴了 真的不要放棄自己不去學習,2,[-2.37890625 -1.46679688  4.30078125],0.9956356383496403
很多新手都是看新聞在選擇標的，或是聽說來的名牌，所以常常成為被倒貨的對象，不虧才有鬼。,2,[-2.11132812 -1.29882812  3.71875   ],0.9905321089006768
我成本240，領8元股息成本232，目前就放著。如果是現在追要設好停損。,0,[ 0.93847656  0.82373047 -1.17285156],0.49685255082881413
不漲不買，越漲越買，遠離底部。再不快搶，就被外資買光了。,1,[-2.30078125  3.34375    -2.77929688],0.9943040560073629
今天信義的缐，像不像這隻？超級可愛的。,2,[-0.77197266 -1.40136719  2.50390625],0.9452518679239262
