text,label,raw_outputs,probability
因108年初買在高點恐怕要套3年吧！,0,[ 4.08984375 -1.27636719 -1.5       ],0.9916626841763131
持股比好像又變低了，請問A大知道怎麼一回事嗎？,2,[ 1.10839844 -1.828125    1.71777344],0.6359165945638086
