text,label,raw_outputs,probability
X大應該比較想投入古墓派吧？,2,[-1.80566406 -1.77441406  4.25      ],0.9952590702852813
你現在去的是大型連鎖健身中心吧？如果是的話，應該都會有像這樣的課程表：如果是瑜伽初學者的話，我會建議循著「Body Balance」→「哈達瑜伽」→「強力瑜伽」的順序來上，我自己也是按照這樣的進程上了快兩年之後，再開始看書和網路上的影片來練習較進階的動作。等到你對瑜伽比較有概念而且想要更上一層樓時，就可以考慮去專業瑜伽教室或特別偏重瑜伽的健身中心。,2,[-2.359375   -1.49707031  4.375     ],0.9960096333776164
還真的有古墓派我去上過一堂體驗課：,2,[-2.27929688 -1.58789062  4.37890625],0.9961688475871157
這個動作對男生好像不太「友善」，哈哈。,2,[-2.34179688 -1.671875    4.6953125 ],0.997411075695509
對阿都還沒收完，怎麼知道會收到30%?怎麼會知道大聯大會介入經營？文曄用一切還沒發生的事情要對大聯大作預防性羈押，有道理嗎？公平會要是真的預防性羈押，準備蛋洗了。,0,[ 1.47265625 -1.64550781  1.24414062],0.5434923867198072
就看公平會的效率，不過，依照觀察，現在這個政府機關都忙著選舉，應該會拖到明年一月底看看公平會是否會有裁決，另外大聯大應該公布現在收到多少應賣，這些應賣人都被大聯大當做禁臠了,2,[-1.30664062 -1.73046875  3.84765625],0.990536233982007
我應賣27張我應賣27張我應賣27張,0,[ 2.36523438 -1.09570312  0.30224609],0.8632045404728219
我應賣10張。,0,[ 3.93554688 -1.8046875  -0.53417969],0.9855474771558241
