text,label,raw_outputs,probability
花生這是何解無利多強彈看看會不會回11.3魔術價,1,[-0.72021484  1.16503906 -1.27636719],0.8072139863920998
0050在高檔不要亂買，現在不是最好的時機,1,[-0.61425781  1.265625   -1.33300781],0.8150070959795402
你如果坐時光機會到20年前可以買鴻海，台積電賺股子股孫現在不建議,1,[-1.17089844  1.19140625 -1.375     ],0.8539607885466775
我也想過這個問題，我和許多人同樣都在等10年線，只是看不到股市瘋狂追逐的狂熱，我想有的等了。,2,[-1.79589844 -0.4284668   2.01757812],0.9019516556332692
買其他的啊…至於買啥，真的要去做功課我買過，外幣定存，國內外基金，股票都有都是要試試，哪種投資法最適合自己,2,[-2.43945312 -0.96826172  3.00195312],0.9773233959959183
我當時也買了澳幣保單...隔一年又買了美金保單...現在台幣到期，正在想說該怎麼做處理,2,[-1.84863281 -1.30175781  3.16210938],0.9821410516880744
嚴守紀律，破線出場，才能永保安康。觀察後續發展再找機會。,2,[-1.58886719  0.14880371  1.12402344],0.6927826153265637
花生這是何解無利多強彈看看會不會回11.3魔術價,1,[-0.72021484  1.16503906 -1.27636719],0.8072139863920998
