text,label,raw_outputs,probability
作定存30年了。價差賺的到，但適合年輕人。上了年紀拿股利遊山玩水知足矣,2,[-2.26367188  0.20983887  1.39746094],0.7515130282664404
Toyota車主本業到底做啥毛的啊？好奇,2,[-2.19335938 -1.65039062  4.0625    ],0.9948048439612308
一個打工小職員。,2,[-1.96582031 -1.59667969  4.38671875],0.9957555278535901
我以柯南辦案精神來研判，車大是竹科工程師。68%可能性是台積電的資深員工。呵呵！ps:而且是女性。,2,[-2.32421875 -1.61914062  4.6875    ],0.9972819984826937
