text,label,raw_outputs,probability
今年可買tsmc 上銀科技 股票？今年的買 明年破300元？,1,[-2.60351562  3.00976562 -2.32617188],0.991606576157005
可以買要起飛了 要買要快,1,[-2.62109375  3.8515625  -2.9296875 ],0.9973271915458064
我今年是在國安基金進場時買了一些，還算便宜,1,[-2.36328125  2.24609375 -1.65136719],0.9706368639704672
你那時 買多少錢呢,2,[-2.66015625 -1.515625    4.23046875],0.9958051551577732
248,0,[ 3.3984375  -1.38769531 -0.46411133],0.9714783339418029
