text,label,raw_outputs,probability
投資理財包羅萬象，不限於股票，房產投資收租、活定存、基金投資等都算，樓主退休了，標題寫跟退休有關的，內容提一下退休後的資金配置，然後大部分聊吃喝玩樂、生活瑣事也ok，這邊已歸為閒聊區，界線沒有那麼絕對！,2,[-1.76367188 -1.59570312  4.11328125],0.9939178664089743
100張中華店還換不起一間像樣的房子...,2,[-1.87695312 -1.60839844  4.19921875],0.9947264242708055
這裡是投資與理財…可以問理財部份，像如何存錢，我覺得要先會理財再投資。買房建議自住，租人不划算…倒不如領股利。,2,[-2.         -1.47460938  3.67578125],0.9908591955162982
我中信2.2 不收開辦費,2,[-2.35351562 -1.63867188  4.515625  ],0.9968462734352362
