text,label,raw_outputs,probability
看到版主的文去看波段王GINO的短線分析 真的一個字狂多單提早出場 上星期就開始做提早做空賺錢....來朝聖,2,[-0.112854   -0.26538086  1.41308594],0.7122118823495489
以前遇到的一個何新安老師也很厲害 可惜他也是賺到懶得教人了,2,[-2.23828125 -1.36035156  4.140625  ],0.9942534532529091
xpotter worte:alec1 wrote...(恕刪) 之前推薦給各位的債券 大家有買嗎?14年到今天 匯率加上固定收益 完敗房地產只可惜當時沒買台灣50 或是一些銀行股台幣逼近32+ 美國可能再度降息,0,[0.91796875 0.54150391 0.13830566],0.4662344338971315
低利質借2.點多趴、可私密,1,[-2.29101562  1.69628906 -0.71142578],0.9020626803270545
