text,label,raw_outputs,probability
我也好早就跑了，有點後悔,0,[ 5.28125    -2.56835938 -1.4609375 ],0.9984324937450584
線型真的漂亮！股價已站上日、周、月K線各均價之上看起來已經整軍待發了昨天以為要發動總攻擊了，可是尾盤的大量又留下小小的上影線真是有點討厭！..................................從公司最近幾年獲利逐漸攀昇、派息也穩定增加來看現在的股價雖處於高峰，但看起來仍相對便宜就給他繼續抱下去了短線的波瀾就不管他了,1,[-1.62304688  2.19335938 -2.6640625 ],0.9710838072423841
8月起，年均線即將開始加速上升行情可期喔,1,[-2.60742188  3.78125    -2.98632812],0.9971770275253321
但願如此!,2,[-2.21875    -1.38085938  4.2890625 ],0.9950844084155451
沒錯 看股票的個性唄如果高低點都有抓到 本來只賺股價10元有可能變成20元,2,[-2.04882812 -1.46875     3.77148438],0.9918020689317503
