text,label,raw_outputs,probability
最近有閒錢 也來學學一些東西,2,[-2.45703125 -1.44238281  4.50390625],0.9964489193054608
目前我累積報酬率 25.94%其實你如果到自己預設的停利點就可以獲利入袋了^_^,2,[-1.84765625  0.34594727  0.88867188],0.6075442921736008
你%比我高我的%幾乎不動還沒到我當初預估的價位如果你獲利了結，記得上來說。我要再撐一下,1,[-0.11834717  1.06933594 -1.484375  ],0.7232125454552122
