text,label,raw_outputs,probability
NQROBO應該是創今年內新高了ROBOBOTZ,1,[-2.07421875  2.453125   -2.12109375],0.9793132758173011
仔細想想就會對存股的回報率感到懷疑以創業比喻如果問一個人我有個投資方案，只要20年就能回本喔!(年回報率5%)那個人一定一口回絕因為正常投資的回收期大約就3-5年，也就是一年要賺回20-30%(當然要承擔創業失敗的風險)把錢投在5%回報率的股票因為在分享人家創業成功的果實風險小，自然就無法追逐更高的回報上面提的投資不包括現在的新創行業那是賭博，不是辦實業,2,[-1.58398438 -1.1015625   2.70703125],0.9653717671384568
大哥請問您都存那個股阿?我爸有一檔套牢金寶變成存股一放就20幾年，三十張變成一百多張?但那種股配息不穩定....,0,[ 1.45019531 -0.77685547  0.83398438],0.6068577478073266
存股也要存對像存到晶片代工龍頭台 績電就算Y2K買在1~200塊現在少說也賺五倍相反的偷雞去買二哥 廉電存18年到現在的還權股價都不到當年高點的1/3真抱得住再談存股否則存到最後都只看到數字手中股票早在起漲時就被自己英明神武的賣了,0,[ 2.04882812 -0.36938477 -0.41552734],0.8516840564983769
大大 一般ETF股可以，但如果是2倍槓桿標的就不行了,2,[ 0.25683594 -1.46972656  2.3203125 ],0.8698629701442628
謝謝大大指導，小弟明白了 ^^,2,[-3.125      -1.00976562  4.2265625 ],0.9940739834360194
題外題買25萬就達門檻還是要買25萬 賣25萬才是達門檻?,2,[-2.54882812 -1.60644531  4.625     ],0.9972744581041405
公司財務狀況特秀級的70以下放空不是好主意3552 3504比較有肉,1,[-1.00683594  1.20703125 -1.37597656],0.84400744825224
