text,label,raw_outputs,probability
又有一檔股票收購6553豐華....好像是全收購吧,0,[ 1.77050781 -1.08300781  0.41992188],0.7594572983431574
之前就有注意到大聯大，但卡在大聯大連續兩年自由現金流量為負值，不知版主對此有何看法，煩請給予指導，感謝,2,[-0.73535156 -1.53808594  2.953125  ],0.9650486973276706
山林水(8473)內需廢水處理，現在相對低點，個人是接刀了許多,1,[-1.58496094  0.47753906  0.15026855],0.541118383736056
板上股神會說你報酬率太低了股神看不起這種報酬率一堆股神每天買低賣高常常賣漲停問股神每天都賺年報酬有沒有50%就開始跳針了,2,[ 0.11865234 -1.10839844  2.34960938],0.8780263297972728
另一間通路商豐藝，最近五年自由現金流年年為正值，也都大於稅後淨利，小弟小買了兩張,1,[-2.52148438  3.18359375 -2.54296875],0.9934558326700462
當 “工業富聯” 這支金雞母從鴻海分出來在上證 IPO 時，鴻海這支股票就很難上佰元大關，打算長期投資的網友眼睛可要睜大看清楚了！,0,[ 1.74902344  0.35620117 -0.93115234],0.7593450072295077
偶爾間看到這串討論~~不知是否還有人在關注00646?最近在考慮投資S&P 500 ETF美股有SPY~VOO台股有00646若以便利性而言當然00646比較便利但它總費用率較高且追蹤績效差了些~~,2,[-1.43164062 -0.95654297  2.32226562],0.9424189797926018
