text,label,raw_outputs,probability
30年長債就怕它倒我美元定存到期現在是0.75請問該怎麼辦？3/23蘋果 us037833AL42 票息3.85 參考價99.6元富國銀行 us94974BGT17 票息4.4 參考價91.5元看似不錯？,2,[-0.8359375   0.33618164  0.85595703],0.5621690450042496
中華電也是4%...變現容易，不會倒，股災根本沒什麼跌，硬到爆....價差做好一年最高可以賺8%。你真的懂債券是什麼嗎??,1,[-3.265625    2.70117188 -1.61523438],0.9843389681052122
借六成不代表你要一次動用全部的錢，懂？,2,[-2.35546875 -1.55078125  4.578125  ],0.9968564576363905
上市上櫃股票質借利率最低2.1%，歡迎私訊了解。,2,[-1.734375   -1.40429688  3.4609375 ],0.9869208268455187
3/30 (一)早上，原油期貨波段新低，低點破20→19.92,0,[ 3.015625   -0.74511719 -0.78076172],0.9562805589982378
補一下資料目前已有 2.0 版 以前 1 對 1 2.0版 改為 3 支股票 互相比對,2,[-2.48242188 -1.58300781  4.46875   ],0.9966996947021215
筆記,2,[-2.90234375 -1.51269531  4.41015625],0.9966664485679211
萬一同類型的一起跌呢？愈跌愈多還換來換去又被收很多手續費？,0,[ 2.72851562 -1.64257812  0.37133789],0.9030776521195057
