text,label,raw_outputs,probability
請問哪一間券商?,2,[-2.75195312 -1.59960938  4.5546875 ],0.9972123907176442
股票質借金融股2.1%、其它2.2%～2.5%！免綁約、可私密了解,2,[-2.24609375 -1.27929688  3.58984375],0.9895105487069337
出掉吧 看起來不行了…,0,[ 5.26953125 -2.5234375  -1.43359375],0.9983629868190342
你買股票的方式跟菜市場大媽沒兩樣,2,[-2.01953125 -1.67773438  4.1796875 ],0.995134171279568
投資盈虧自負所以自己要學會多判斷賣~就賣的無悔買~也要知道為何而買我就算手上拿無本的股票也沒有那種心去追高追高真的不適合本太小的再去找其他好的標的~合適的價格出手吧,0,[ 0.81542969 -0.08123779  0.703125  ],0.43446172733705724
