text,label,raw_outputs,probability
沒什麼是一定的.投資本來就有風險.投資人除了想著獲利 也應該要注意風險.石油怎麼發展 我們繼續看下去~~~~,2,[-2.18945312 -0.99560547  3.28515625],0.9822951248850852
感謝分享～,2,[-3.08398438 -1.02832031  4.08203125],0.9932396579380104
不客氣!!!,2,[-2.6796875  -1.42480469  4.35546875],0.9960474332314102
都是得來不易的心得觀念感謝你整理分享,2,[-2.8046875  -1.27441406  4.41015625],0.9958834376028074
輸在沒從公司拿到資源。例如公司董事長沒拿薪資，但能從公司拿到多少資源？,2,[-2.30273438 -1.65527344  4.48828125],0.9967395612894343
我也看好黃金長線持續追蹤感恩,1,[-2.81640625  2.50195312 -1.50488281],0.977429540341812
喔喔安納金的長刀招是高手但現在震盪時期要用短刀,2,[-1.6171875  -1.53613281  3.92382812],0.9918900462275644
大大你好小弟是股市新手~可否幫分析一隻股票讓小弟買進(盈虧我自負)~在請教若現在買黃金存摺台黃1800/克，適合嗎?因為看了大大的分析思路很清楚，與其自己不懂大海撈針不如請教有經驗的前輩~麻煩你了,2,[-2.34375    -1.25878906  3.8515625 ],0.9919917230768296
