text,label,raw_outputs,probability
0.05%實在是微不足道，不知道這次反彈能撐多久。剛剛買了，又賣掉了。虧了600美元，一小時就花了600，真貴的學費。沒辦法，覺得這短線的線型也太難看了吧？再看兩天看看。,2,[-0.35473633  0.33789062  0.43457031],0.4233688896958656
600 / 0.2 = 3000 股至少拍照大好大手筆，不見兔子不撒鷹，而且進出果決、迅速。跟我這種腳麻跑不動，每次都想凹股息的，完全不同類型，默默地學習下來。,2,[-1.68066406 -1.11230469  2.63476562],0.9643689271719882
川普投顧開絕招了，，，，，，，，，,2,[-2.31640625 -1.45507812  4.07421875],0.9943857119187086
終於讓樓主等到了元大S&P原油正2將在10月5日申請下市,0,[ 3.390625   -1.28320312 -0.55078125],0.9720465229699987
為什麼你們的e存褶都能看到庫存？我送17張，沒看到退件！是券商不同嗎？我永豐。,2,[-2.0625     -1.63769531  4.20703125],0.9952345759896323
股票質借方案 金融股最低2.1%起，歡迎私訊了解，謝謝,2,[-1.90332031 -1.51757812  3.82226562],0.9920063514754872
