text,label,raw_outputs,probability
新的一周到來啦 祝大家發財錢如意 股市成為大家的提款機！！,1,[-2.77734375  2.18359375 -1.21191406],0.9610488048834189
可協助售出股票或退回股票，最晚約三個工作天處理完成股票質借利率2.1%起、可了解私訊！,2,[-0.95410156 -1.02832031  2.45703125],0.9401617368198348
可以考慮我現在用的其中一種交易程式，康和新金鑽他有停損機制，如果真的遇到這種問題我個人是覺得蠻好用的,2,[-1.96972656 -1.2890625   3.43554688],0.9868093145287997
我朋友也在使用新金鑽 他說遇到大盤鎖住 出股票超好用買賣還可以當沖 推薦給你用看看喔,2,[-2.05078125 -0.05899048  1.39550781],0.7902757182037866
能不能當沖還是要看股票啊遇到無量暴跌時，要怎麼當沖？？,2,[-1.41210938 -1.47167969  3.08398438],0.9787992127842532
無量暴跌還能停損??同花打得過順子??,0,[ 2.68554688 -0.93212891 -0.07635498],0.9174172978758636
我之前用亞太99元 現在用遠傳易付卡😁😁😁更省😚😚😚我都不會買那些股票😊😊😊,0,[ 2.34375    -1.36328125  0.65039062],0.8275056300146879
請問股票溢價怎麼看 圖中的康師父明明是54.6 台灣收27.56 但為何溢價才0.92%呢 請問有人知道原因嗎？,2,[-2.2890625  -1.68164062  4.52734375],0.9969026926335938
表彰股數0.5 DR 兩股等於母股一股,2,[-2.11523438 -1.64355469  3.77734375],0.9928682046589421
