text,label,raw_outputs,probability
請寄有關股票質押的站內信給我 我需要相關資訊 感謝,2,[-2.59960938 -1.61425781  4.44921875],0.9968154484316029
2020年10月對帳單一切才剛開始，說多說空都還太早，一切依計畫進行並耐心持有等待,2,[-2.4140625  -1.18457031  3.67382812],0.9900665638747732
