text,label,raw_outputs,probability
有少量的2330及2884，其它不在名單內。,2,[-1.98046875 -1.51660156  4.0234375 ],0.9936451801093852
