text,label,raw_outputs,probability
今早第三支跌停附近終於出現~看來跟傳說一樣。,0,[ 2.3828125  -0.60302734 -0.5390625 ],0.9055266471621694
股票質借專案 最低利率2.1% 可私訊詢問 謝謝,2,[-2.27148438 -1.50976562  4.171875  ],0.995025850434854
股票質借專案 最低利率2.1% 可私訊詢問 謝謝,2,[-2.27148438 -1.50976562  4.171875  ],0.995025850434854
股票質押利息都偏高 你拿自己的房子 設定抵押給銀行 取得一定金額的透支額度 在透支額度內 隨時可支用 銀行就按透支額度按日計息.,2,[-2.28125    -1.48828125  4.05859375],0.9943677000081071
