text,label,raw_outputs,probability
配股是用10塊為基數算的。配完以後股價也會跌掉很多%只要填息就能賺的比單現金股利多很多。當然跌也跌更多。。,0,[ 3.01757812 -1.05566406 -0.54345703],0.9565428142394239
盈餘配股0.797元是以每股10元來計算所以配發0.797元就是配0.0797股的意思你有0.0797*1096股=87股,2,[-1.8203125  -1.67089844  3.72070312],0.9915940451949398
