text,label,raw_outputs,probability
如題。,2,[-2.86523438 -1.4140625   4.38671875],0.9962799116569455
做長線才在乎股利 .做短線會在乎有沒有漲 ?,2,[-1.86035156 -1.56542969  3.55078125],0.9896431009978379
Berkshire Hathaway Inc. Class A,2,[-0.30151367 -0.09143066  0.61230469],0.5275029443686843
公司股搞鬥爭會這樣,2,[-2.16796875 -1.71972656  4.1484375 ],0.9953868949596277
有人買華電都不配息，股價10.5資本一直，累積到開始配息一飛沖天漲一倍以上,1,[-2.63867188  3.08203125 -2.46679688],0.9928816135169919
應該看買的理由是什麼例如資產或前景如果只是賭賠不了多少還不如拿去買括括樂,2,[-1.60058594 -1.69726562  3.95898438],0.9927075392676252
十年繳費的還本型保單,2,[-2.2890625  -1.59179688  4.09375   ],0.9949406883940981
1,2,[-2.92382812 -1.5         4.453125  ],0.996787141933591
謝謝～,2,[-3.02734375 -1.18652344  4.08203125],0.9940669553311178
