text,label,raw_outputs,probability
我不打算在台股萬點以上做過多的投資目前投入資金約十分之一而已既然時間抓到10~15年，也不在乎多等幾個月吧?慢慢來，最快,1,[-2.24023438  1.77734375 -1.12597656],0.9321077628193751
謝謝，現在不會大量資金投入（目前僅長期為主，躉繳會多加考慮），但試試手感可能還是需要，但盡可能保守面對,2,[-1.83691406 -0.91748047  2.60546875],0.9603563616359758
上禮拜五買看看：檢視賠錢原因，學好教訓，繼續買…,1,[-3.1640625   2.77929688 -1.43261719],0.982857799080343
1229，1231 您覺得如何?,2,[-2.09960938 -1.40917969  3.57617188],0.989838943288767
大大對這今天的大跌有何看法呢?有考慮加碼嗎?,1,[-0.82080078  1.26660156 -1.46777344],0.8410829109892233
可以買0056存股,1,[-2.46289062  3.2109375  -2.61328125],0.9936507667731487
請問如果持有人掛掉的話，美股ADR要怎麼辦繼承? 稅率要多少?,2,[-2.59179688 -1.67773438  4.55078125],0.9972445252329344
聯邦 金融股利率2.1% 開辦費用2000元 可以私我辦理.謝謝!,2,[-2.49609375 -1.35449219  4.1171875 ],0.9944840102637093
正在0056/00692中選擇標的物，拿椅子這篇,2,[-2.20507812 -1.54199219  3.97265625],0.9939345472867075
