text,label,raw_outputs,probability
美股漲了，中秋後會變盤,1,[-2.36132812  3.1875     -2.72851562],0.9934551809566494
對方也在猜你在期待什麼真的確定早就歐印買小島了還在跟你01打嘴砲你也很老實,1,[-1.47167969  0.99755859 -0.71923828],0.7909578006827956
股票很多種投資策略也很多種如果不配息不配股的股票是玄冥神掌一般投資策略進場通常會中寒毒但有九陽神功的投資策略就可進場賺錢囉,2,[-2.38476562  0.48413086  1.203125  ],0.6601101386920244
股價還16元不低還不如買愛之味可支持業績買產品讓公司賺錢配息,1,[-2.42773438  2.81640625 -2.3125    ],0.9889226901942362
炒作吧！ 像太陽能 生技股之類的 漲時很兇 跌時就會多爽,1,[-1.67089844  1.18945312 -0.96923828],0.8527150025805317
這是中秋節送我的大禮嗎？送三退二當初經營權搶的那麼嚴重親友只有二張裕國竟然有四組人馬要收結果二張換回來二罐頭和一箱蛋30顆所以我送三張一開始就送出去9.14最低收購成功不能抽單結果竟然只中一無言,1,[-1.10839844  0.55566406  0.1171875 ],0.5451414086624294
我沒參加，不知是否只有一張就收一張？3收1 那1張就只收334股，不是更慘？,0,[ 1.93164062 -1.56152344  1.046875  ],0.6928972469850223
早跟你說不要貪圖裕國的收購，原本手上有一張那就算了，後面又繼續買進，這下後續買的直接虧，套不到利還要被卡資金。,1,[-0.93310547  2.03320312 -2.54492188],0.9418260567251281
