text,label,raw_outputs,probability
亞洲工時長，壓力大，爆肝工作被視為榮譽....我喜歡歐美對於人生的意義探索的尊重。我感謝我自己對理財的天賦。,2,[-2.18945312 -1.54882812  4.515625  ],0.9964638431372759
目前正認真存股當中，希望有朝一日能夠達到被動的收入(股利)，能COVER自己的生活費+養車+旅費+房貸+保費,1,[-2.0703125   0.73681641 -0.28320312],0.7037466099857793
身為一位全職交易者，還在摸索成長中。術業有專攻，我以全職交易者為榮。月收入80萬是我的初級目標。如果你有想成為全職交易者的衝動，那你絕對可以勝任這份工作。確保每一筆交易都獲利。,2,[-2.27734375 -1.45019531  4.5625    ],0.9964945780408636
好奇自由現金流如此多，你對工作是否有什麼使命，讓你願意花時間?,2,[-2.33398438 -1.44335938  4.4375    ],0.9960770731207981
你說如果你有想成為全職交易者的衝動，那你絕對可以勝任這份工作。超鼓舞人心，但你為何如此肯定呢？月入80萬太強了，請問你股齡幾年才全職操盤?,2,[-2.20898438 -1.38085938  4.37109375],0.9954564269144512
變態的台灣稅法才會搞到大家都想靠炒股維生台灣萬萬稅唯獨炒股利得竟然比所得稅還低,2,[-1.92089844 -1.77441406  4.328125  ],0.9958477922869685
想找同類,2,[-2.65625    -1.5078125   4.55859375],0.996954225630992
神回答,2,[-2.828125   -1.39453125  4.23828125],0.9955877633393044
