text,label,raw_outputs,probability
國泰今天降手續費。,1,[-0.94482422  0.328125    0.19958496],0.46309525378809585
我比較好奇你怎麼買零股，零股手續費比較便宜嗎？,2,[-2.48242188 -1.5390625   4.02734375],0.9947150514686767
不知道，平常沒在管手續費，感覺變蠻便宜的。,2,[-2.546875   -1.12597656  3.71289062],0.990267933791738
終於可能看懂樓主為何發表這篇~!估計最少還有3支跌停!?,0,[ 3.375      -1.50683594 -0.30224609],0.9681707931794643
大戶速度都很快 散戶怎辦所以我最近雖然開完戶(給朋友做人情而已) 但還是繼續打聽有哪間券商的系統比較穩又快前面有人提到的康和飆賺我也有聽過但有實際用過的可分享嗎 畢竟他小券商小其實沒有不好啦但總是想多聽一點前輩建議.....,2,[-1.92089844 -1.23632812  3.1796875 ],0.9821489979054076
反正我輸家 散戶中的嫩b 買反1買滿了 也輸的一蹋糊塗了,0,[ 2.43359375 -0.37963867 -0.93408203],0.9136756020344171
