text,label,raw_outputs,probability
市值1400萬的股票只質借一部分出來(70萬裝潢費)應該不至於造成斷頭啦頂多再補擔保股票就可以斷頭的機會真的幾乎沒有,2,[-1.15527344 -1.33203125  2.44335938],0.9521186779268881
哪一檔比較推？,2,[-2.74414062 -1.44921875  4.58984375],0.99697243458284
資金不夠 還是etf好,2,[-2.5234375  -1.421875    4.07421875],0.9945633915292632
