text,label,raw_outputs,probability
一定要打電話嗎還是可以電子下單,2,[-2.65820312 -1.52246094  4.2890625 ],0.9960614463816138
加重空方可借來空,1,[-0.03973389  0.99707031 -1.33203125],0.6887198148655564
這種ETF根本就是穩贏不輸的賭局(詐騙)做莊的元大笑的嘴都合不攏了,2,[-1.89550781 -1.31152344  2.86132812],0.9765615327408895
標記參考一下，為什麼不直接用契約就好了，要這麼麻煩。,2,[-2.625      -1.52441406  4.5546875 ],0.9969571479472624
好特別的方法~關注一下,2,[-2.91992188 -1.19628906  4.375     ],0.9955354717781607
