text,label,raw_outputs,probability
犇亞 買走 但我也想用這家了  因為最近下大了 沒有節制  連2天大昌營業員打來催補錢  9點10來分打來10點前補錢 還是圈存式比較不會有補錢的麻煩  有時下大了 超過戶頭錢 就糟了 或者按錯了  實在麻煩,2,[0.2578125  0.4934082  0.87402344],0.4497560812000887
查一下對帳單看要付多少錢。,2,[-2.81835938 -1.50390625  4.5546875 ],0.9970431310843351
她不是提前一天下午就打來嗎？？是沒補錢才會當天再打吧？？,2,[-1.83886719 -1.52246094  3.97460938],0.9929640657780284
