text,label,raw_outputs,probability
1111111111111111111111,0,[ 2.02148438 -0.87353516  0.26733398],0.8140987885700844
樓主喊空喊半年了，一堆菜市場大媽績效都比他好，現在終於從高點跌一千點，被他喊中了。命中率比銅板還低。,2,[ 0.07531738 -1.47949219  2.6953125 ],0.9189644188417132
數字分高低， 程度也分低中高， 那投資等級呢？ 又該如何排列呢？ 投資的標的如果用房子， 是屬低中高的哪一個等級呢？ 溫室里養苗， 養的是一棵纖弱的小草， 野地里風雨中養苗， 養的才是參天大樹。,2,[-2.26953125 -1.48144531  4.43359375],0.9960897245860791
年化租金收益率將近3.5%,2,[-2.375      -0.44482422  2.15234375],0.9214096775546237
這篇應該置頂才對,2,[-2.4375     -1.39746094  4.15234375],0.9947650773691363
我記得這公式還建立在一個前提下:賭客有無限的資金能持續下注....,2,[-2.29492188 -1.42675781  4.22265625],0.9950280231837132
複利 凱利 三粒,1,[-2.11132812  1.98535156 -1.63476562],0.9583984795849325
