text,label,raw_outputs,probability
如有股票質借2-3%   please inform 小弟 !!!!!,2,[-2.046875   -1.64257812  4.203125  ],0.995200392841835
不管賺多少錢吃100以下食物很正常啊,2,[-2.49023438 -1.5390625   4.453125  ],0.9965487369229742
20說多不多 說少不少跟吃什麼有什麼關係...,2,[-2.56640625 -1.49316406  4.53125   ],0.9967644929393229
收購張數太少 我不會參加收購,2,[-1.078125   -1.76953125  3.36328125],0.9826278223732384
要跟5萬人抽一萬個名額吧，我棄權。,2,[-2.15625    -1.69628906  4.625     ],0.997076094092769
我放棄參加.零股約有1.2萬人 1~5張有8500人 正式開打後 局勢會更加惡劣 這二Pa就是一個裕國的形狀了 現在股市買個2330都比它好賺 何必放著受苦?我不參加!,0,[ 1.70898438 -0.64306641  0.40136719],0.7322587249006343
命中率有20% 還不錯喔!之於股價 週一應該不會漲停 有機會有機會陷人入坑~是坑強茂還是被強茂坑 這我就不碰了!,0,[ 1.56152344  0.68994141 -1.49316406],0.6823950874354673
羨慕原PO有4百多萬閒錢能投資股票,2,[-1.66796875 -1.54980469  3.13085938],0.9827891497063374
