text,label,raw_outputs,probability
趁現在大戶投今年底前手續費都還有優惠可以繼續追XD,1,[-2.95117188  2.7578125  -1.76367188],0.9860095976220992
我都乖乖豐存股...的說...,2,[-0.97802734 -0.34375     1.19042969],0.7518873707224053
最近他們的手法又升級了、又是免費招待到香港玩四天、又是感恩節福袋…..（免20%服務費）我覺得應該快收網了⋯⋯,2,[-1.64550781 -1.19921875  3.06445312],0.9774448047697326
有喔你資金沒有拿回來喔？是什麼投資畫面截圖給大家看，讓我們更要小心，也是功德一件！,2,[-0.97607422 -1.80371094  3.4765625 ],0.983536723409903
再騙啊有沒有投資和入金的畫面，提供給大家也是做功德！,2,[-2.39257812 -1.39941406  4.1484375 ],0.9946895114846632
VIPOTOR的網站沒有辦法上去，有其他網站嗎？,2,[-2.61914062 -1.60351562  4.55078125],0.9971146324673208
死詐騙集團，你們騙人、騙錢難道真的都以為不會被抓！就算在生沒有被抓，在夢中、甚至是死後墜入糞尿地獄種種對你們的懲罰一樣都不會少。我祝福你們早一點被抓、早一點解脫。,2,[-2.234375   -1.17382812  3.37695312],0.9859840764202519
