text,label,raw_outputs,probability
這臉洗的有夠徹底樓主連一點鼻頭粉刺都不剩,2,[-0.86474609 -1.74609375  3.33203125],0.9791676571674739
6415矽力真是個奇蹟!沒什麼新聞!陸資卻沒什麼新聞在報!,1,[-2.03710938  1.00683594 -0.28149414],0.7556423518623747
