text,label,raw_outputs,probability
為何說成支那呢？歧視股票市場無歧視，只看實力那希望如你所願到7000點吧！到那時候嘿嘿(9000點綠黨政府就會護盤了),2,[-1.95898438 -1.68457031  4.2890625 ],0.9955407664201666
一萬都不可能 還7000 呵呵,2,[-1.95507812 -1.52734375  3.95117188],0.9931493552369353
不同意會跌到7000點，不過我是真的有空單在手,1,[ 0.75634766  0.76464844 -1.34375   ],0.4732236193467133
拜登有承諾還會繼續紓困QE現在也沒有結束跡象上半年應該還是多頭行情,1,[-2.68359375  1.77441406 -0.81835938],0.9204732422204835
大家都看好高呀是否過於高估了?不才是看1685~6點,1,[-2.42773438  0.86035156  0.4777832 ],0.5815872439423485
我也開始慌了 沒想到這事件真正的殺著在餘勁,0,[ 5.2109375  -2.42773438 -1.3828125 ],0.998153053085377
凱利公式表示你最終一定賠錢而不是賺錢,2,[-1.13769531 -1.36328125  2.89453125],0.9690973959902813
