text,label,raw_outputs,probability
只是操作失誤，下次就會轉正了。,2,[-2.2890625  -0.13745117  2.15234375],0.898418841870752
現在股市大漲，美金進入27，9千億紓困案確定這樣，伊朗要牽制美國,1,[-3.1328125   2.24023438 -0.66552734],0.9439776849341058
