text,label,raw_outputs,probability
這幾天跌，真的有賺到嗎？,1,[-0.53222656  1.65625    -2.0390625 ],0.87956389571965
不要忘記去年油2下市有多少人虧錢貪貧我也有買些 然後就......恩,1,[-0.67822266  0.3515625  -0.41748047],0.5492875535249343
不貪心，慢慢來。,1,[-3.01953125  2.33984375 -0.80859375],0.9545418708640343
油2轉成遠期期貨 WTI就開始暴漲,1,[-2.53515625  3.20507812 -2.56445312],0.9937046473935047
所以跟巴菲特投資的美股雪佛龍石油是一樣的道理嗎,2,[-1.87597656 -1.578125    3.78320312],0.9918863284879564
小單~沒有超過20萬不敢貼來見客,2,[-2.30273438 -0.75292969  2.91015625],0.9698388506240222
賠錢也很快直接掉-60%也是常有,0,[ 3.53515625 -1.47949219 -0.54248047],0.9769561102823301
