text,label,raw_outputs,probability
其實還好隔了一年都回來了,1,[-1.53710938  1.65039062 -1.79394531],0.9317920007067269
