text,label,raw_outputs,probability
請問這個 XLV ETF 的派息是否為每季派發？ 那請問每季為幾多 % ？是否為1.49% / 4 = 0.3625%每季？ 謝謝解答,2,[-2.31835938 -1.57617188  4.12890625],0.9951101609010077
之前有一檔元大S&P原油正2下市，想請教原油還能投資嗎?安全嗎?,2,[0.77880859 0.0958252  0.88574219],0.42508551862570554
當然不行國內國外的原油ETF都會害你傾家蕩產,2,[-1.62792969 -1.63867188  3.82421875],0.9915437555953287
最近也想了解原油投資，看來是不用了………,2,[-1.51953125 -1.10449219  2.30273438],0.9478572879208766
你要有辦法買實體原油 並且儲存起來 才有辦法賺到上漲的錢,2,[-2.40625    -0.1986084   1.72558594],0.8605506057123453
找人幫你玩期貨,2,[-2.57226562 -1.57128906  4.265625  ],0.9960256623578292
裕民有一艘油輪佔營收5%新興有三艘油輪佔營收25%美股那邊更多油輪的股票Teekay(TK.US)DHT Holdings(DHT.US)Nordic American Tanker (NAT.US)這些都比直接玩石油期貨安全,1,[-1.078125    0.27294922 -0.18603516],0.5288523188206229
ROD， 英文 全名為 Rest of Day ，意思是指「當日委託有效單」，當你送出委託之後，只要不刪除委託單，那麼直到當天收盤前，這張委託單都是有效的。你掛賣價格低於市價 會立即賣出。 所以你應該是要找可以觸發市價機制的軟體 在價格低於多少的時候掛賣 但也不一定賣的掉,2,[-1.71875    -1.66601562  4.0625    ],0.9937031440311016
