text,label,raw_outputs,probability
基金可以，那你用基金方式玩就好了啊…,2,[-2.66992188 -1.56933594  4.3671875 ],0.9964924871792609
