text,label,raw_outputs,probability
國泰證券手續費只要一元，而且沒有低消,2,[-2.55273438 -1.44433594  3.89648438],0.9936666710661363
推薦永豐證,2,[-2.5859375  -1.21289062  3.22070312],0.9853388813561357
我是用聯X銀行的質借，手續費我收到的訊息都是$2000，沒有金額越大手續費越高的問題，業務到府服務，所以手續費我覺得滿划算的另外你下面補充的借貸方式，就是信貸再質借吧？我現在就是用信貸再質押，所以用波動小的金融股去質借,2,[-2.37304688 -1.40625     4.12890625],0.9945834015813451
還有將近20元的價差要漲，這時誰要借？,2,[-2.140625   -0.83984375  2.86914062],0.9697676272087513
你如果有100張以上 證券公司可能有興趣你有幾張?,2,[-2.734375   -1.51757812  4.44921875],0.9966896233891145
和你訂的借出費用有關...你調的越低越容易借出...,2,[-1.97558594 -1.65527344  4.484375  ],0.9962932529158058
你心臟那麼小，有個風吹草動就想賣，還要召回很麻煩。,2,[-0.55273438 -1.30664062  2.63476562],0.9427773604065317
請問永崴投控的成本怎麼會到240！！？,2,[-1.63574219 -1.44433594  3.28320312],0.9841017841178581
我爸說玩股票賺的錢就是拿去買房子雖然他已經去觀音山跟大伯當鄰居了這句話我也一直記著買房一時爽一直買房一直爽,2,[-2.359375   -0.00481033  1.4140625 ],0.7905390935180803
