text,label,raw_outputs,probability
"明燈在""証交所""",2,[-2.21484375 -1.60644531  4.18359375],0.9953001744497758
股市明燈已轉戰別處,2,[ 0.34716797 -0.11749268  1.23046875],0.5976624198866648
今天來分享如何掌握盤中趨勢，以2022728景碩為例。當天不僅爆量盤中還有極強日內波趨勢。,1,[-3.02539062  2.68164062 -1.60546875],0.9832192785246446
你不是跟會長嗎？不要移情別戀，好嗎,2,[-2.42382812 -1.45214844  4.48828125],0.9963865500594358
有某種連動,2,[-2.73046875 -1.31933594  4.125     ],0.9946543437356183
圖太小，看不太懂，可否提供分圖及說明，謝謝。,2,[-2.61523438 -1.4921875   4.625     ],0.9970867205116716
真的。讓我想到宋十元的公司…對待員工那是真的苛…,2,[-1.61230469 -1.77441406  4.08984375],0.9938600182726085
