text,label,raw_outputs,probability
今天大盤收在14464，比7/6收盤價13985，上漲約500點，帳面從負18回升到負13，持股跟大盤的關係大約是大盤100點，損益1萬元，也就表示大盤再漲1300點到15750應可達損益二平。有人說，已知大盤會跌為什麼不先賣出等大盤落底後再補回，這樣不就股利價差一起賺？這句話沒錯，但問題是“已知”跟“落底”，誰能準確抓出時間點呢，就跟常常聽到低買高賣賺價差一樣，你覺得低但大盤不覺得又跌更低，你覺得高但大盤又更高，久了反而變成追高殺低，資產縮水。,1,[-1.01464844  1.39746094 -1.52832031],0.8747002227414382
"沒有人能買賣股票在最高低點 長期投資的確應該像樓主一樣 策略越簡單越好 選擇""績優""且""趨勢向上""的股票 長期持有就好.",1,[-2.34960938  1.28222656 -0.14221191],0.7891967804280755
還好只有一張,2,[-2.60351562 -0.39086914  2.19335938],0.9227562801673158
真的,2,[-1.37597656 -1.47558594  3.33984375],0.9832297787825036
誰在呼已下台的首相，經濟做不好的政治人物，人民會反撲，物價持續上漲，做官的誰會了解百姓的痛苦指數,2,[-1.9921875  -1.47753906  3.83007812],0.9921475433797892
發生了重大事件不穩的因素更多了,0,[ 2.04882812 -1.43261719  0.54492188],0.7980698362088734
7月9日！股市修正時反向ETF又重生！序言1、持續堅持好習慣是成功的要素！2、股市修正時反向ETF又重生！3、網友在A大頻道成長經驗分享！4、網友使用金融工具需考慮的事！,1,[-2.08398438  1.11523438  0.49707031],0.6330207531407269
存股最困難的是帳上遇到股災，萬一是1000萬，帳上價值或許會變成600萬，如果你有自信不在乎，當然隨時進場都沒問題！,2,[-2.86132812  0.58349609  1.31542969],0.6683034474609219
今天發現你的文五分奉上,2,[-2.4609375  -1.14257812  3.92773438],0.9921019322659703
