text,label,raw_outputs,probability
做賊的喊捉賊！歡迎穆迪趕快去提告！不覺得這兩張公文很像嗎？全部都是滿滿的浮水印、還要一直強調他沒做虛擬貨幣。但是詐騙本質還是看得出來！,2,[-2.07421875 -1.60449219  4.328125  ],0.9957092886390249
昨天下載，體驗不錯，感謝分享~,2,[-2.82226562 -0.33227539  3.02929688],0.9638033144096992
不要亂講話你有甚麼證據說他們刁難理賠?我在這位置，經常接受業務員的請託，我出手的勝率至今是100%，但是我都覺得是認知不同，我也不會說他們是刁難。,2,[-2.15625  -1.625     4.453125],0.996373057406182
以往聽說都是0.8個月年終獎金 這兩年股市破30年魔咒12682 結果股市超級旺 去年聽說有2個月(個人覺得好笑) 今年的年終應該6個月起跳  學學長榮老闆吧.,1,[-1.65429688  1.60253906 -1.88183594],0.9352936043738189
證券不是靠接單就賺到爆嗎？,1,[-2.83203125  2.50585938 -1.50976562],0.9776722354137344
28折 你說業績做一億能領多少? 台灣的市場同業相殘 把一個高級白領的證券行業玩成便利商店似的.我被營業員常常推銷買這個買那個 問問你一天到晚要賣東賣西的能賺多少?聽了就想笑.,2,[-2.05664062 -1.66992188  4.45703125],0.996347145190442
電子下單業績要算給電腦吧！ 員工貢獻度有多少，才是老闆考慮給錢的原因,2,[-2.07617188 -1.66210938  4.4609375 ],0.996372766965001
那美國券商0手續費又沒複委託可以賺，美國華爾街的營業員不就都要去燒炭了?,2,[-1.67675781 -1.8359375   4.28515625],0.9952516233550592
不是所有不喜歡民進黨的人就是小粉紅，雖然在這鬼島上真有不少恨民進黨更甚於共產黨的精神錯亂者,2,[-2.16015625 -1.72460938  4.65625   ],0.9972184404658964
