text,label,raw_outputs,probability
本人買入的ETF庫存已達40幾檔，由於檔數實在太多，爬文或看youtube時 光看代號根本記不住是哪一檔?原名稱又太壟長……故我都會給ETF取簡稱。 取名原則: 1.只用3個字代表 2.發行投信+2個關鍵字 分享幾個給各位參考…… 富台50 永加權 富摩台 富公司 兆藍籌 第一工 元富櫃 國永續 中高價 中半島 富半導 中綠車 國道瓊 元SP 富Na 元歐洲 元滬深 ……………………等 這樣……好記多了,2,[-2.02539062 -0.19396973  1.87011719],0.871636539674853
一看到40幾檔頭都要暈了…不知道你的比重又是怎麼設定？,2,[-0.69775391 -1.68554688  3.37109375],0.9770739454013171
就是會令人眼花撩亂，所以才要簡稱才好管理另外，我都是設定誰下跌就買它來存……目前績效還不差,2,[-1.671875   -1.40429688  3.47851562],0.9868036550874685
這真的不錯，偶爾當沖一下還可以省稅金,1,[-2.9140625   1.671875   -0.20959473],0.8601705150559694
當金融股狂漲就是要烙跑了,0,[ 5.18359375 -2.41015625 -1.40039062],0.9981176303637105
年節封關前加碼國泰金，未來一定破百,1,[-2.54296875  3.61914062 -2.8203125 ],0.9963085945735701
富邦金賺飽飽,1,[-2.72851562  3.8046875  -2.65039062],0.9969822778392673
怎麼看不到版主的內文了?,2,[-2.63867188 -1.57226562  4.6796875 ],0.997416753584732
這種都炒短線，有賺就快跑,0,[ 4.23828125 -1.62304688 -1.25292969],0.9930779408579667
