text,label,raw_outputs,probability
金融股阿~不受疫情影響~~也是能投資,1,[-2.71679688  1.70898438 -0.47387695],0.8891391091233878
龍巖,2,[-2.06445312 -1.5390625   3.75976562],0.9921101854224926
天底下這麼多白癡會被騙...我也搞不懂為什麼...,2,[-1.94726562 -1.52050781  4.171875  ],0.9944589783020498
