text,label,raw_outputs,probability
Intel 不是第一次跨入代工領域現在的 Intel 就像是 NO-KIA（怎麼感覺 NOKIA 像是 Say NO to KIA)從手機業霸主墜落後，數年前高喊著“王者歸來”？現在的 NOKIA 在手機業喊水能結凍否？Intel 看來將步上 NOKIA 的後塵坐看故事發展,0,[ 1.61230469 -0.40429688  0.29394531],0.7139384424727385
記得之前在新聞看過 拜登政府有撥一筆預算補助美國本土的半導體 因此被笑常常批評中國的補助政策美國自己也開始使用 所謂的形勢比人強 intel的成本一定比台積電的成本高 但若是差額由國家補貼 intel一樣能做 就看美國政府的決心 反正美金自己印,2,[-2.25585938 -1.62304688  4.19921875],0.995487053319244
那一階的晶片,2,[-2.50585938 -1.56640625  4.4609375 ],0.9966566558245532
這篇文章現在來看，你覺得應該給幾分呢？,2,[-2.59960938 -1.53027344  4.640625  ],0.9972013527488579
買在成交量低。股價一直線漲一倍再考慮賣,1,[-0.73876953  2.06835938 -2.64453125],0.9351415023997475
今年股票上上下下真的很難做...,2,[-0.03079224 -1.04101562  2.18164062],0.8701075933584046
要自己抓自己要買的價。不要用漲停價買。我看始買股票時也被營業員搞好幾次。甚麼開盤價。害我損失數萬。,2,[-1.43164062 -1.73144531  3.46875   ],0.9872066294703522
"用漲停價掛單，就是表示""非買到不可""，買到了，不高興嗎?",1,[-2.16015625  1.6640625  -0.84863281],0.9067128660743694
