text,label,raw_outputs,probability
是定期定額沒錯喔00692/00878/00888每月3 6 9 13 16 19 23 26 29各扣一次一個月27塊手續費,2,[-2.15625    -1.68652344  4.20703125],0.9955391285929278
到底哪時會被抓啊,2,[-2.61328125 -1.53222656  4.4765625 ],0.996720203142552
